{
	"starSystem":"parkapec",
	"markets":[
		{
			"entities":["marko"],
			"faction":"hegemony",
			"size":6,
			"startingConditions":[
				"population_6",
				"ore_abundant",
				"volatiles_diffuse",
				"organics_abundant",
				"water_surface",
			],
			"industries":[
				"population",
				"megaport",
				"mining",
				"aquaculture",
				"lightindustry",
				"battlestation",
				"heavybatteries",
				"militarybase",
			],
		},
		{
			"entities":["lamar"],
			"faction":"hegemony",
			"size":4,
			"startingConditions":[
				"population_4",
				"ruins_vast",
				"ore_moderate",
				"volatiles_diffuse",
				"organics_abundant",
				"poor_light",
				"dense_atmosphere",
				"very_cold",
			],
			"industries":[
				"population",
				"megaport",
				"mining",
				"techmining",
				"battlestation",
				"grounddefenses",
				"patrolhq",
			],
		},
		{
			"entities":["new_bebop", "station_church"],
			"faction":"luddic_church",
			"freePort":true,
			"size":6,
			"startingConditions":[
				"population_6",
				"volatiles_plentiful",
				"organics_common",
				"dense_atmosphere",
				"non_dense_giant",
				"ruins_scattered",
			],
			"industries":[
				"population",
				"megaport",
				"mining",
				"techmining",
				"lightindustry",
				"commerce",
				"starfortress_mid",
				"heavybatteries",
				"patrolhq",
			],
		},
	],
}



