{
	"starSystem":"horozit",
	"markets":[
		{
			"entities":["gizmo"],
			"faction":"pirates",
			"freePort":true,
			"size":4,
			"startingConditions":[
				"irradiated",
				"population_4",
				"volatiles_diffuse",
				"organics_plentiful",
			],
			"industries":[
				"population",
				"spaceport",
				"mining",
				"orbitalstation_high",
				"militarybase",
				"heavybatteries",
			],
		},
		{
			"entities":["robert_gailer"],
			"faction":"pirates",
			"size":7,
			"freePort":true,
			"startingConditions":[
				"population_7",
				"luddic_majority",
				"farmland_adequate",
				"extreme_weather",
				"hot",
				"habitable",
			],
			"industries":[
				"population",
				"megaport",
				"farming",
				"lightindustry",
				"commerce",
				"battlestation",
				"grounddefenses",
				"patrolhq",
			],
		},
		],
}



