{
	"id":"fringe_worlds",
	"name":"Fringe Worlds",
	"author":"Krill",
	#textures for Cold Desert and Lava provided by pixel_rice_bowl as a publicly available royalty free asset
	"version":"3D-b-a",
	"description":"who put this here?",
	"gameVersion":"0.97a-RC11",
	
	"replace": [
	#"data/campaign/procgen/condition_gen_data.csv",
	#"data/campaign/procgen/location_gen_data.csv",
	"data/campaign/procgen/planet_gen_data.csv",
	#"data/campaign/procgen/star_gen_data.csv",
	
	"data/campaign/econ/arcadia.json",
	"data/campaign/econ/canaan.json",
	"data/campaign/econ/eos.json",
	"data/campaign/econ/magec.json",
	"data/campaign/econ/algebbar.json",
	"data/campaign/econ/kumarikandam.json",
	"data/campaign/econ/isirah.json",
	"data/campaign/econ/askonia.json",
	"data/campaign/econ/algebbar.json",
	"data/campaign/econ/corvus.json",
	"data/campaign/econ/thule.json",
	"data/campaign/econ/aztlan.json",
	],
	
    "modPlugin": "data.scripts.ModPlugin"
}
