id,trigger,conditions,script,text,options,notes
flavorTextMarketDenyza,TradePanelFlavorText,"$global.tradePanelMode == MARKET
$faction.id == luddic_church
$market.id == denyza score:100","AddText ""Gentle black dot covered the sun in the sky. As the market around was a swarm of white tents with wondrous patterns. The sound of music occasionally reached your ears from far away. But what mostly dominated the soundscape were gentle talks in unknown to you languages. Chirping of birds. And the constant tinnitus-like noise of crickets. Taking place in uncut tall grass."" marketFlavorTextColor",,,
flavorTextMarketNew_Char,TradePanelFlavorText,"$global.tradePanelMode == MARKET
$faction.id == hegemony
$market.id == new_char score:100","AddText ""Enormous superstructure suspended over a lava lake glew gently in the dark of volcanism induced darkness. As ash and smoke went upwards and raced across the sky. The sunlight of the defyingly staring sun was intense. Requiring heat-resistant armour. The ships travelling into the structure were carefully observed by a network of patrolling drones. Their shields flickering red in the calming glow."" marketFlavorTextColor",,,
,,,,,,
flavorTextMarketYendore,TradePanelFlavorText,"$global.tradePanelMode == MARKET
$faction.id == persean
$market.id == yendore score:100","AddText ""White sands went on forever. Trading took place over endless dunes near artificial lakes of some crude synthetic liquid. With large endless lines of buildings that during the day hid from the obnoxious heat. And then danced with activity during the night. Persean League ships were parked high up in the sky. Their dark presence looking out for possible attackers."" marketFlavorTextColor",,,
flavorTextMarketNew_Bebop,TradePanelFlavorText,"$global.tradePanelMode == MARKET
$faction.id == luddic_church
$market.id == new_bebop score:100","AddText ""Structures suspended in New Bebop's atmosphere were golden and white. Floundering their wealth to the miners that worked tirelessly to sustain its massive economy. Luddic Church observers stood there, drinking tea farmed on those structures in infinite black-coloured gardens. As those leafs were very much alien to those of Earth in biology. But nonetheless incredibly delicious. And smelling wonderfully."" marketFlavorTextColor",,,
,,,,,,
flavorTextMarketDiktatLamar,TradePanelFlavorText,"$global.tradePanelMode == MARKET
$faction.id == hegemony
$market.id == lamar score:100","AddText ""The surface was hidden in incredible atmosphere of constant dark yellow haze. The sunlight barely reaching the planet's surface. You moved in piercing cold. Occasionally stepping in a puddle of black strangely moving liquid. The domes in which people lived were white and buried into the grain. They had odd-looking tiny windows that served more of a defensive role than that of raising the mood of their inhabitants. Considering there was nothing to see about here anyway."" marketFlavorTextColor

AddText ""You could hear ships moving far up in this. Sometimes. Very rarely. Maybe an engine's glow hiding up there, being heavily diffused."" marketFlavorTextColor",,,
,,,,,,
flavorTextMarketWunderschnitzer,TradePanelFlavorText,"$global.tradePanelMode == MARKET
$faction.id == pirates
$market.id == wunderschnitzer score:100","AddText ""Endless superstructures went down and down into more calm parts of the crust. But they were merely giant power plants that fuelled the enormous cities that were eclipsed by the ambient glow of lava rivers that infested the planet. Readily available energy built a society that constantly played holovid games, watched movies and made many wonderful domiciles. But in the end they all were merely trying to evade the fear of the local polities. Which were as horrifying in their nature. As death itself. In fact death would be often more kind than them."" marketFlavorTextColor",,,
flavorTextMarketMeridia,TradePanelFlavorText,"$global.tradePanelMode == MARKET
$faction.id == tritachyon
$market.id == meridia score:100","AddText ""Station's huge embrace housed within itself enormous halls that served as platforms for large structures to be built in. They were white and shining intensely in the industrial light. Their innards containing illogical markets filled with neon signs and individuals of various colours."" marketFlavorTextColor

AddText ""The enormous black hole with its burning accretion disc was seen smiling behind a large window of the station. Its majestic presence filling newcomers with dread. As it devoured worlds worth of matter across an eternity. Pushing the universe towards destruction. Or maybe preventing its downfall against the tide of dark energy."" marketFlavorTextColor",,,
flavorTextMarketRobert_Gailer,TradePanelFlavorText,"$global.tradePanelMode == MARKET
$faction.id == pirates
$market.id == robert_gailer score:100","AddText ""Mobile cities on enormous tracks moved across an endless desert once a generation. Their structures on the inside enormous. Powered by antimatter fuel. They rested now. Hopefully to see another slight shift in the position of the sun in the sky. The ridiculousness did not have however equal to strength. And looking at them you could just imagine how easy they were to bomb. Gentle giants. Housing tens of thousands of people. Their cities dirty, bitter. But filled with soul. The definition of the state of being alive."" marketFlavorTextColor",,,
,,,,,,
flavorTextMarketGumbat,TradePanelFlavorText,"$global.tradePanelMode == MARKET
$faction.id == tritachyon
$market.id == gumbat score:100","AddText ""Endless skies went on and on. As the luxurious cities attached to incredible balloons floated above it all. Deep down you could imagine the slums. Patrolling in their disconnected presence around. Like rabid animals searching for food in a defeated landscape."" marketFlavorTextColor

AddText ""On the inside the place was wonderous. Short stone structures peeking out into cool temperatures of twenty degrees with weak winds sometimes pushing things about. Long, endless streets. With shops, restaurants, cafes. Statues of wealth. Connected via magnetism boxes or orbs that moved invisibly. Very slowly. Turning into different creations."" marketFlavorTextColor",,,
flavorTextMarketTonderilla,TradePanelFlavorText,"$global.tradePanelMode == MARKET
$faction.id == luddic_path
$market.id == tonderilla score:100","AddText ""Built by Pather engineers who have spent their life dedicating themselves to the work of those who they wish to defeat. The massive black boxes that absorbed the light and then gave power to those living in them were absolutely sacred in their design. Their engineering was incomprehensively beautiful. With every detail of theirs being attuned towards absolute efficiency and aesthetic competency."" marketFlavorTextColor

AddText ""And above all that lurked ships. They basked in the sunlight like alligators in the ancient legendary river of Nile."" marketFlavorTextColor",,,
,,,,,,
flavorTextMarketTiny_Person,TradePanelFlavorText,"$global.tradePanelMode == MARKET
$faction.id == hegemony
$market.id == tiny_person score:100","AddText ""Illogical waves were a bit of a hazard. They climbed tall and hit random objects with some power. Not humongous, because of lacklustre momentum. But they were a bit horrifying. And they could damage valuable equipment. The best part about them however was the fact that they were very lacking in salt. The extreme core at the bottom of the planet was of non-interactive material that just sat there. What it was had been a bit of a mystery. Something that was meant to be investigated but never was due to the Collapse."" marketFlavorTextColor

AddText ""Large beautiful settlements of sort that danced in green, blue and orange colours. Like paintings born of drug-induced visions were tied in a tight pattern on the planet's transparent surface. Interrupted occasionally by enormous defense orbs ready to strike down whoever dared to approach with evil intent."" marketFlavorTextColor",,,
flavorTextMarketGrabuz,TradePanelFlavorText,"$global.tradePanelMode == MARKET
$faction.id == pirates
$market.id == grabuz score:100","AddText ""The market was strange, filled with pornographic materials of various kinds. Though what was the most surprising was the fact that Grabuz very much respected the Domain's age of consent and had even several stronger laws enacted to protect minors from exploitation. This was apparently born of some idiotic maneuvers performed by one of the larger leaders in the past. Trying to use the situation in his favour. Then it backfiring in his face. Leading to a revolution in which he died. And then the local polities finally making a unified decision on something."" marketFlavorTextColor

AddText ""The overall atmosphere was cold and dim. With green and blue neons shining in the absolute vivid nightmarish darkness of the planet. Collections of diamonds. Holovids. And newspapers were displayed on short markets. With people young and old looking equally miserable talking in hush hush tones about things you couldn't even imagine. As they were that incomprehensive and layered within inside jokes of the local planetary society."" marketFlavorTextColor",,,
,,,,,,
flavorTextMarketBrumingham,TradePanelFlavorText,"$global.tradePanelMode == MARKET
$faction.id == luddic_church
$market.id == brumingham score:100","AddText ""Few supercities that were barely visible from orbit due to regulations on light pollution were the core of the local population's economy. And they were there. Tall and positively glowing. With among other things, militaristic zeal. Luddic Church and the population of old here have one thing in common. Fear of the outside world. Which can be reflected in their endless armaments. Large defensive structures placed haphazardly seemingly everywhere. Bunkers. Both under the ground and above it."" marketFlavorTextColor

AddText ""But there was some self-awareness to it. And those were often of quite interesting practicality. What however interrupted this pursuit were the lacklustre economic gains. Caused by Luddic Church's pursuit of traditional values over growth. Leading to not as many industries as there should be being born over time. In spite of a large population of consumers just waiting to be satiated."" marketFlavorTextColor",,,