id,age,tags,rarity,freqYOUNG,freqAVERAGE,freqOLD,s-hierarchy,minRadius,maxRadius,h-hierachy,habZoneStart,probOrbits,orbits?,minOrbits,maxOrbits,coronaMin,coronaMult,coronaVar,solarWind,minFlare,maxFlare,crLossMult,lightColorMin,lightColorMax
nebula_center_old,OLD,NEBULA,common,0,20,60,0,0,0,0,-10,0.95,few,8,10,0,0,0,0,0,0,0,97 0 40,133 0 133
nebula_center_average,AVERAGE,NEBULA,common,40,80,40,0,0,0,0,-10,1,many,12,15,0,0,0,0,0,0,0,97 0 40,133 0 133
nebula_center_young,YOUNG,NEBULA,common,30,10,0,0,0,0,0.5,-5,1,many,12,15,0,0,0,0,0,0,0,111 111 166,128 129 166
star_neutron,OLD,,rare,0,10,10,1,180,240,5,10,1,ILLOGIC,20,30,1000,500,10,50,0,0,15,197 171 255,225 171 255
star_white,OLD,,fair,0,20,20,2,200,400,1.5,2,1,many,12,15,600,1,0.25,5,0,1,2,202 202 250,204 231 250
star_browndwarf,AVERAGE,,common,0,80,80,3,500,600,1,0,0.95,few,8,10,300,1,0.25,1,0,0,1,162 29 125,181 29 181
star_red_dwarf,AVERAGE,,common,0,80,80,4,600,800,2,3,1,many,12,15,600,1,0.25,5,0,1,2,250 131 0,250 166 0
black_hole,OLD,,rare,0,10,10,4.5,800,1000,2,3,1,ILLOGIC,20,30,2000,1,0.5,-10,0,0,25,250 114 67,250 146 67
star_green,AVERAGE,,rare,15,15,10,4.5,800,1000,2.5,4,1,TONS,15,20,800,1,0.5,10,0,1,3,140 255 143,140 255 182
star_orange,AVERAGE,,fair,30,30,20,5,1000,1200,3,5,1,TONS,15,20,800,1,0.5,5,0,1,2,202 131 131,236 154 154
star_yellow,AVERAGE,,fair,30,30,20,5,1000,1200,3,5,1,TONS,15,20,800,1,0.5,10,0,1,3,250 220 95,250 238 95
star_blue_giant,YOUNG,,fair,10,10,0,6,1200,1500,4,7,1,TONS,15,20,1000,1,0.5,15,0,3,5,225 226 242,225 242 242
star_orange_giant,YOUNG,,fair,10,10,0,6,1200,1500,4,7,1,TONS,15,20,1000,1,0.5,7,0,1,2,194 131 201,228 154 237
star_red_giant,YOUNG,,fair,0,10,10,7,1500,1600,3,5,1,TONS,15,20,1000,1,0.5,5,0,1,2,201 96 56,201 122 56
star_blue_supergiant,YOUNG,,rare,5,5,0,7,1500,1800,5,10,1,ILLOGIC,20,30,1000,1,0.5,17,0,3,6,225 237 231,225 242 242
star_purple_giant,YOUNG,,fair,10,10,0,7,1500,1800,5.5,12,1,TONS,15,20,1000,1,1,20,0,3,8,216 191 255,237 191 255
star_red_supergiant,YOUNG,,rare,0,5,5,8,1600,1800,4,7,1,TONS,15,20,1000,1,0.5,5,0,1,2,201 72 56,201 96 56
star_purple_supergiant,YOUNG,,rare,5,5,0,8,1600,1800,6,15,1,TONS,15,20,1000,1,1,25,0,3,10,216 191 255,237 191 255