name,id,planetary,decivRemove,script,desc,icon,order
Non-Dense Giant,non_dense_giant,TRUE,,com.fs.starfarer.api.impl.campaign.econ.BaseHazardCondition,$market isn't strong enough to enact a horrible gravitational pull upon its inhabitants. Making life on it slightly more feasible.,graphics/icons/markets/dust_storm.png,24
,,,,,,,
Unfair,unfair,TRUE,,com.fs.starfarer.api.impl.campaign.econ.BaseHazardCondition,Dawn will never come.,graphics/icons/markets/twilight_terran_world.png,25
,,,,,,,
Alien Life,alien_life,TRUE,,com.fs.starfarer.api.impl.campaign.econ.LCAttractorMedium,$market seems to have evolved still primitive but also quite visibly potent creatures. This does raise the dangers of being here significantly. As humans now have a proper nemesis apparently.,graphics/icons/markets/alien_life.png,30
Meteor Impacts,meteor_impacts,TRUE,,com.fs.starfarer.api.impl.campaign.econ.BaseHazardCondition,$market is being regurarly bombed with asteroids of non-cataclysmic size. The reasons behind that can be simple or convoluted. An asteroid ring. An unfortunate trajectory. It should pass in a hundred years.,graphics/icons/markets/meteor_impacts.png,33
,,,,,,,
Tough Station,tough_station,TRUE,,com.fs.starfarer.api.impl.campaign.econ.BaseHazardCondition,$market is a tough structure or placed in a position of such that the majority of deadly space radiation is negated.,graphics/icons/markets/frontier.png,29
Underground Arcology,underground_arcology,,TRUE,com.fs.starfarer.api.impl.campaign.econ.BaseHazardCondition,$market houses an architectural marvel in the form of vast underground manmade landscapes that protect the population from the harsh environment above.,graphics/icons/markets/underground_arcology.png,27
,,,,,,,
Hydroponics Complex,hydroponics,,TRUE,data.scripts.Hydroponics,$market is in possession of an elaborate organic long-term manmade biosphere that restores breathable atmosphere and is generally pleasant to be around.,graphics/icons/markets/hydroponics.png,21
Society of Revenge,revenge,,TRUE,data.scripts.Revenge,The population of $market is highly motivated. With Persean Sector being somewhat sympathetic towards their cause. Creating a community of people who cannot be stopped. And are supported from various sides by proxies and even directly by usually rogue agents.,graphics/icons/markets/refugee_population.png,130
,,,,,,,
Furious,fury_hot,TRUE,,data.scripts.Fury,"$market is turbulent to say the least. Deadly to be precise. And beautiful to be poetic. Anyway. Unlike typical tectonic activity, Domain has prepared procedures to make places like these quite fair to be around. That does take a bit of an initial investment though.",graphics/icons/markets/lava_world_wide.png,26
Furious,fury_cold,TRUE,,data.scripts.Fury,"$market is turbulent to say the least. Deadly to be precise. And beautiful to be poetic. Anyway. Unlike typical tectonic activity, Domain has prepared procedures to make places like these quite fair to be around. That does take a bit of an initial investment though.",graphics/icons/markets/cryo_world_wide.png,26