{
	"starSystem":"bzabzen",
	"markets":[
		{
			"entities":["bourbon"],
			"faction":"persean",
			"size":6,
			"startingConditions":[
				"population_6",
				"farmland_poor",
				"ore_moderate",
				"inimical_biosphere",
				"extreme_weather",
				"habitable",
			],
			"industries":[
				"population",
				"megaport",
				"farming",
				"lightindustry",
				"fuelprod",
				"commerce",
				"battlestation_high",
				"heavybatteries",
				"patrolhq",
			],
		},
		{
			"entities":["boboon", "morbius_station"],
			"faction":"independent",
			"size":5,
			"startingConditions":[
				"population_5",
				"rare_ore_abundant",
				"ore_moderate",
				"no_atmosphere",
				"low_gravity",
			],
			"industries":[
				"population",
				"megaport",
				"mining",
				"refining",
				"commerce",
				"orbitalstation",
				"heavybatteries",
				"patrolhq",
			],
		},
		{
			"entities":["onion_ring_station"],
			"faction":"luddic_church",
			"size":4,
			"freePort":true,
			"startingConditions":[
				"luddic_majority",
				"population_4",
				"irradiated",
			],
			"industries":[
				"population",
				"megaport",
				"lightindustry",
				"commerce",
				"orbitalstation",
				"heavybatteries",
				"patrolhq",
			],
		},
	],
}



