{
	"starSystem":"deathcon",
	"markets":[
		{
			"entities":["meridia"],
			"faction":"tritachyon",
			"size":6,
			"freePort":true,
			"startingConditions":[
				"population_6",
				"organics_plentiful",
				"tough_station",
				"hydroponics",
			],
			"industries":[
				"population",
				"megaport",
				"mining",
				"lightindustry",
				"commerce",
				"battlestation_high",
				"heavybatteries",
				"militarybase",
			],
		},
		{
			"entities":["gimli"],
			"faction":"independent",
			"size":4,
			"startingConditions":[
				"population_4",
				"farmland_poor",
				"rare_ore_moderate",
				"ore_abundant",
				"volatiles_diffuse",
				"tectonic_activity",
				"cold",
				"habitable",
			],
			"industries":[
				"population",
				"spaceport",
				"mining",
				"commerce",
				"grounddefenses",
				"patrolhq",
			],
		},
	],
}



