{
	"starSystem":"kumarikandam",
	"markets":[
		{
			"entities":["chalcedon"],
			"faction":"luddic_path",
			"size":7,
			"startingConditions":[
				"luddic_majority",
				"population_7",
				"ruins_scattered",
				"farmland_adequate",
				"ore_sparse",
				"poor_light",
				"unfair",
				"extreme_weather",
				"habitable",
			],
			"industries":[
				"population",
				"spaceport",
				"farming",
				"lightindustry",
				"commerce",
				"orbitalstation_mid",
				"grounddefenses",
				"patrolhq",
			],
		},
		{
			"entities":["olinadu"],
			"faction":"persean",
			"size":5,
			"startingConditions":[
				"population_5",
				"ore_moderate",
				"volatiles_abundant",
				"organics_common",
				"poor_light",
				"tectonic_activity",
				"very_cold",
			],
			"industries":[
				"population",
				"megaport",
				"mining",
				"lightindustry",
				"commerce",
				"battlestation_mid",
				"heavybatteries",
				"patrolhq",
			],
		},
		{
			"entities":["kanni"],
			"faction":"pirates",
			"size":4,
			"freePort":true,
			"startingConditions":[
				"population_4",
				"ruins_extensive",
				"no_atmosphere",
				"low_gravity",
				"ore_moderate",
				"rare_ore_moderate",
				"organics_common",
				"meteor_impacts",
			],
			"industries":[
				"population",
				"spaceport",
				"mining",
				"techmining",
				"grounddefenses",
				"patrolhq",
			],
		},
	]
}



