{
	"starSystem":"cappuccino",
	"markets":[
		{
			"entities":["gumbat", "gumball_station"],
			"faction":"tritachyon",
			"size":5,
			"startingConditions":[
				"population_5",
				"rare_ore_abundant",
				"ore_abundant",
				"volatiles_trace",
				"organics_trace",
				"dense_atmosphere",
				"tectonic_activity",
				"habitable",
			],
			"industries":[
				"population",
				"megaport",
				"mining",
				"lightindustry",
				"commerce",
				["battlestation_mid", "alpha_core"],
				"heavybatteries",
				"patrolhq",
			],
		},
		{
			"entities":["grabuz"],
			"faction":"pirates",
			"size":4,
			"freePort":true,
			"startingConditions":[
				"population_4",
				"volatiles_plentiful",
				"organics_common",
				"dense_atmosphere",
				"poor_light",
				"very_cold",
				"non_dense_giant",
			],
			"industries":[
				"population",
				"megaport",
				"mining",
				"lightindustry",
				"heavybatteries",
				"patrolhq",
			],
		},
	],
}