{
	"starSystem":"vobo",
	"markets":[
		{
			"entities":["rippers_morld"],
			"faction":"tritachyon",
			"freePort":true,
			"size":6,
			"startingConditions":[
				"population_6",
				"solar_array",
				"ore_moderate",
				"volatiles_diffuse",
				"organics_trace",
				"water_surface",
				"hot",
			],
			"industries":[
				"population",
				"megaport",
				"aquaculture",
				"mining",
				"commerce",
				"battlestation_high",
				["heavybatteries", "drone_replicator"],
				"militarybase",
			],
		},
		],
}



