{
	"starSystem":"generosity",
	"markets":[
		{
			"entities":["tonderilla"],
			"faction":"luddic_path",
			"size":6,
			"startingConditions":[
				"luddic_majority",
				"ruins_vast",
				"population_6",
				"ore_moderate",
				"rare_ore_moderate",
				"very_hot",
			],
			"industries":[
				"population",
				"megaport",
				"mining",
				"techmining",
				["orbitalworks", "corrupted_nanoforge"],
				"battlestation",
				["militarybase", "cryoarithmetic_engine", "gamma_core"],
				"heavybatteries",
			],
		},
		],
}



