{
	"starSystem":"gigno_oropara",
	"markets":[
		{
			"entities":["new_char", "new_char_station"],
			"faction":"hegemony",
			"size":6,
			"startingConditions":[
				"population_6",
				"rare_ore_abundant",
				"ore_rich",
				"extreme_tectonic_activity",
				"very_hot",
			],
			"industries":[
				"population",
				"megaport",
				"mining",
				"commerce",
				["orbitalworks", "corrupted_nanoforge"],
				["battlestation",],
				"heavybatteries",
				["militarybase", "cryoarithmetic_engine", "beta_core"],
			],
		},
		{
			"entities":["mormons_rise"],
			"faction":"hegemony",
			"size":5,
			"startingConditions":[
				"population_5",
				"ruins_scattered",
				"farmland_adequate",
				"rare_ore_abundant",
				"ore_moderate",
				"extreme_tectonic_activity",
				"hot",
				"habitable",
			],
			"industries":[
				"population",
				"megaport",
				"farming",
				"mining",
				"techmining",
				#"commerce",
				"orbitalstation",
				"grounddefenses",
				"patrolhq",
			],
		},
	],
}



