{
	"pew":
	[
		#{"file":"sounds/sfx_wpn_energy/pew.ogg","pitch":1.20,"volume":0.6},	
		#{"file":"sounds/sfx_wpn_energy/pew.ogg","pitch":1.16,"volume":0.6},	
		#{"file":"sounds/sfx_wpn_energy/pew.ogg","pitch":1.12,"volume":0.6},
		{"file":"sounds/sfx_wpn_energy/pew.ogg","pitch":1.08,"volume":0.4},
		{"file":"sounds/sfx_wpn_energy/pew.ogg","pitch":1.04,"volume":0.4},
		{"file":"sounds/sfx_wpn_energy/pew.ogg","pitch":1.00,"volume":0.4},
		{"file":"sounds/sfx_wpn_energy/pew.ogg","pitch":0.96,"volume":0.4},
		{"file":"sounds/sfx_wpn_energy/pew.ogg","pitch":0.92,"volume":0.4},
		#{"file":"sounds/sfx_wpn_energy/pew.ogg","pitch":0.84,"volume":0.6},	
		#{"file":"sounds/sfx_wpn_energy/pew.ogg","pitch":0.80,"volume":0.6},
	],







  "cactus_fire":
    [
        {"file":"sounds/sfx_wpn_missiles/cactus_fire.ogg","pitch":0.95,"volume":0.25},
    ],
		"raven_pulse":
	[
		{"file":"sounds/sfx_wpn_energy/pulse_laser/raven_pulse_a.ogg","pitch":1.04,"volume":0.05},
		{"file":"sounds/sfx_wpn_energy/pulse_laser/raven_pulse_a.ogg","pitch":1.02,"volume":0.05},
		{"file":"sounds/sfx_wpn_energy/pulse_laser/raven_pulse_a.ogg","pitch":1.00,"volume":0.05},
		{"file":"sounds/sfx_wpn_energy/pulse_laser/raven_pulse_a.ogg","pitch":0.98,"volume":0.05},
		{"file":"sounds/sfx_wpn_energy/pulse_laser/raven_pulse_a.ogg","pitch":0.96,"volume":0.05},

		{"file":"sounds/sfx_wpn_energy/pulse_laser/raven_pulse_b.ogg","pitch":1.04,"volume":0.05},
		{"file":"sounds/sfx_wpn_energy/pulse_laser/raven_pulse_b.ogg","pitch":1.02,"volume":0.05},
		{"file":"sounds/sfx_wpn_energy/pulse_laser/raven_pulse_b.ogg","pitch":1.00,"volume":0.05},
		{"file":"sounds/sfx_wpn_energy/pulse_laser/raven_pulse_b.ogg","pitch":0.98,"volume":0.05},
		{"file":"sounds/sfx_wpn_energy/pulse_laser/raven_pulse_b.ogg","pitch":0.96,"volume":0.05},
		
		{"file":"sounds/sfx_wpn_energy/pulse_laser/raven_pulse_c.ogg","pitch":1.04,"volume":0.05},
		{"file":"sounds/sfx_wpn_energy/pulse_laser/raven_pulse_c.ogg","pitch":1.02,"volume":0.05},
		{"file":"sounds/sfx_wpn_energy/pulse_laser/raven_pulse_c.ogg","pitch":1.00,"volume":0.05},
		{"file":"sounds/sfx_wpn_energy/pulse_laser/raven_pulse_c.ogg","pitch":0.98,"volume":0.05},
		{"file":"sounds/sfx_wpn_energy/pulse_laser/raven_pulse_c.ogg","pitch":0.96,"volume":0.05},
	],
	
	"space_explosion":
	[
		{"file":"sounds/sfx_wpn_missiles/hellrose/space_explosion.ogg","pitch":1.01,"volume":2},
		{"file":"sounds/sfx_wpn_missiles/hellrose/space_explosion.ogg","pitch":1.00,"volume":2},
		{"file":"sounds/sfx_wpn_missiles/hellrose/space_explosion.ogg","pitch":0.99,"volume":2},
	],
	"dragon_prayer":
	[
		{"file":"sounds/sfx_wpn_missiles/hellrose/dragon_prayer.ogg","pitch":1.20,"volume":0.4},	
		{"file":"sounds/sfx_wpn_missiles/hellrose/dragon_prayer.ogg","pitch":1.16,"volume":0.4},	
		{"file":"sounds/sfx_wpn_missiles/hellrose/dragon_prayer.ogg","pitch":1.12,"volume":0.4},
		{"file":"sounds/sfx_wpn_missiles/hellrose/dragon_prayer.ogg","pitch":1.08,"volume":0.4},
		{"file":"sounds/sfx_wpn_missiles/hellrose/dragon_prayer.ogg","pitch":1.04,"volume":0.4},
		{"file":"sounds/sfx_wpn_missiles/hellrose/dragon_prayer.ogg","pitch":1.00,"volume":0.4},
		{"file":"sounds/sfx_wpn_missiles/hellrose/dragon_prayer.ogg","pitch":0.96,"volume":0.4},
		{"file":"sounds/sfx_wpn_missiles/hellrose/dragon_prayer.ogg","pitch":0.92,"volume":0.4},
		{"file":"sounds/sfx_wpn_missiles/hellrose/dragon_prayer.ogg","pitch":0.88,"volume":0.4},	
		{"file":"sounds/sfx_wpn_missiles/hellrose/dragon_prayer.ogg","pitch":0.84,"volume":0.4},	
		{"file":"sounds/sfx_wpn_missiles/hellrose/dragon_prayer.ogg","pitch":0.80,"volume":0.4},
	],
	"march_of_demon":
	[
		{"file":"sounds/sfx_wpn_missiles/hellrose/march_of_demon.ogg","pitch":1.01,"volume":0.2},
		{"file":"sounds/sfx_wpn_missiles/hellrose/march_of_demon.ogg","pitch":1.00,"volume":0.2},
		{"file":"sounds/sfx_wpn_missiles/hellrose/march_of_demon.ogg","pitch":0.99,"volume":0.2},
	],
	
	
	"ominous_whistle":
	[
		{"file":"sounds/sfx_wpn_energy/ominous_whistle.ogg","pitch":1.01,"volume":0.5},
		{"file":"sounds/sfx_wpn_energy/ominous_whistle.ogg","pitch":1.00,"volume":0.5},
		{"file":"sounds/sfx_wpn_energy/ominous_whistle.ogg","pitch":0.99,"volume":0.5},
	],
	"haunting":
	[
		{"file":"sounds/sfx_wpn_energy/haunting.ogg","pitch":1.01,"volume":0.5},
		{"file":"sounds/sfx_wpn_energy/haunting.ogg","pitch":1.00,"volume":0.5},
		{"file":"sounds/sfx_wpn_energy/haunting.ogg","pitch":0.99,"volume":0.5},
	],
	
		"whale_beat":
	[
		{"file":"sounds/sfx_wpn_energy/autopulse_laser/whale_beat_a.ogg","pitch":1.04,"volume":0.2},
		{"file":"sounds/sfx_wpn_energy/autopulse_laser/whale_beat_a.ogg","pitch":1.02,"volume":0.2},
		{"file":"sounds/sfx_wpn_energy/autopulse_laser/whale_beat_a.ogg","pitch":1.00,"volume":0.2},
		{"file":"sounds/sfx_wpn_energy/autopulse_laser/whale_beat_a.ogg","pitch":0.98,"volume":0.2},
		{"file":"sounds/sfx_wpn_energy/autopulse_laser/whale_beat_a.ogg","pitch":0.96,"volume":0.2},

		{"file":"sounds/sfx_wpn_energy/autopulse_laser/whale_beat_b.ogg","pitch":1.04,"volume":0.2},
		{"file":"sounds/sfx_wpn_energy/autopulse_laser/whale_beat_b.ogg","pitch":1.02,"volume":0.2},
		{"file":"sounds/sfx_wpn_energy/autopulse_laser/whale_beat_b.ogg","pitch":1.00,"volume":0.2},
		{"file":"sounds/sfx_wpn_energy/autopulse_laser/whale_beat_b.ogg","pitch":0.98,"volume":0.2},
		{"file":"sounds/sfx_wpn_energy/autopulse_laser/whale_beat_b.ogg","pitch":0.96,"volume":0.2},
		
		{"file":"sounds/sfx_wpn_energy/autopulse_laser/whale_beat_c.ogg","pitch":1.04,"volume":0.2},
		{"file":"sounds/sfx_wpn_energy/autopulse_laser/whale_beat_c.ogg","pitch":1.02,"volume":0.2},
		{"file":"sounds/sfx_wpn_energy/autopulse_laser/whale_beat_c.ogg","pitch":1.00,"volume":0.2},
		{"file":"sounds/sfx_wpn_energy/autopulse_laser/whale_beat_c.ogg","pitch":0.98,"volume":0.2},
		{"file":"sounds/sfx_wpn_energy/autopulse_laser/whale_beat_c.ogg","pitch":0.96,"volume":0.2},
	],
	
	"unleash_needlebeast":
	[
		{"file":"sounds/sfx_wpn_ballistic/needler/unleash_needlebeast.ogg","pitch":0.99,"volume":0.2},
		{"file":"sounds/sfx_wpn_ballistic/needler/unleash_needlebeast.ogg","pitch":1.00,"volume":0.2},
		{"file":"sounds/sfx_wpn_ballistic/needler/unleash_needlebeast.ogg","pitch":1.01,"volume":0.2},
	],
	"death_by_music":
	[
		{"file":"sounds/sfx_wpn_ballistic/needler/shot_a.ogg","pitch":1,"volume":0.1},
		{"file":"sounds/sfx_wpn_ballistic/needler/shot_b.ogg","pitch":1,"volume":0.1},
		{"file":"sounds/sfx_wpn_ballistic/needler/shot_c.ogg","pitch":1,"volume":0.1},
		{"file":"sounds/sfx_wpn_ballistic/needler/shot_d.ogg","pitch":1,"volume":0.1},
		{"file":"sounds/sfx_wpn_ballistic/needler/shot_e.ogg","pitch":1,"volume":0.1},
		{"file":"sounds/sfx_wpn_ballistic/needler/shot_f.ogg","pitch":1,"volume":0.1},
		{"file":"sounds/sfx_wpn_ballistic/needler/shot_h.ogg","pitch":1,"volume":0.1},
		{"file":"sounds/sfx_wpn_ballistic/needler/shot_k.ogg","pitch":1,"volume":0.1},
		{"file":"sounds/sfx_wpn_ballistic/needler/shot_i.ogg","pitch":1,"volume":0.1},
		{"file":"sounds/sfx_wpn_ballistic/needler/shot_j.ogg","pitch":1,"volume":0.1},
	],
}