id,variant,tags,tier,rarity,fleet pts,op cost,formation,range,attackRunRange,attackPositionOffset,num,role,role desc,refit,base value,,,,,,,,,,,,,number
wasp_wing,wasp_Interceptor,"interceptor3, interceptor, high, hightech_bp, auto_fighter, merc, ind",1,,5,5,CLAW,4000,200,700,6,INTERCEPTOR,Interceptor Drone,3,6000,,,,,,,,,,,,,7
borer_wing,drone_borer,"no_drop, no_sell, low",0,,4,0,BOX,2000,500,,6,INTERCEPTOR,Drone,3,1500,,,,,,,,,,,,,18
,,,,,,,,,,,,,,,,,,,,,,,,,,,,
thunder_wing,thunder_Fighter,"fighter4, interceptor, mid, rare_bp, merc, ind",1,,6,10,V,6000,500,900,2,FIGHTER,Heavy Interceptor,15,7000,,,,,,,,,,,,,5
claw_wing,claw_Fighter,"fighter2, interceptor, high, rare_bp, merc, ind",0,,5,8,CLAW,4000,300,500,5,FIGHTER,Fighter,8,9000,,,,,,,,,,,,,
,,,,,,,,,,,,,,,,,,,,,,,,,,,,
broadsword_wing,broadsword_Fighter,"fighter3, fighter, low, lowtech_bp, merc, ind",0,,6,8,V,4000,500,,3,FIGHTER,Heavy Fighter,10,6000,,,,,,,,,,,,,1
gladius_wing,gladius_Fighter,"interceptor3, interceptor, mid, midline_bp, merc, ind",1,,6,6,V,4000,500,300,2,FIGHTER,Heavy Interceptor,10,10000,,,,,,,,,,,,,3
warthog_wing,warthog_Fighter,"fighter3, fighter, low, lowtech_bp, merc, ind",0,,8,12,CLAW,2000,500,-400,2,FIGHTER,Heavy Fighter,15,9000,,,,,,,,,,,,,4
,,,,,,,,,,,,,,,,,,,,,,,,,,,,
spark_wing,spark_Interceptor,"interceptor, remnant, interceptor5, auto_fighter, merc",2,,4,8,CLAW,4000,200,750,5,INTERCEPTOR,Interceptor Drone,8,10000,,,,,,,,,,,,,22
lux_wing,lux_Fighter,"fighter, remnant, fighter5, auto_fighter, merc",2,,6,10,V,4000,500,,4,FIGHTER,Fighter Drone,12,12000,,,,,,,,,,,,,23
flash_wing,flash_Bomber,"bomber, remnant, bomber5, auto_fighter, merc",2,,5,12,V,4000,2500,100,4,BOMBER,Strike Drone,12,16000,,,,,,,,,,,,,21
longbow_wing,longbow_Support,"bomber3, bomber, high, rare_bp, merc, ind",0,,5,12,V,4000,2000,100,3,BOMBER,Bomber,15,9000,,,,,,,,,,,,,15
,,,,,,,,,,,,,,,,,,,,,,,,,,,,
hoplon_wing,hoplon_Escort,"bomber3, bomber, low, rare_bp, merc, ind",0,,3,12,V,4000,2000,750,3,BOMBER,Bomber,10,7000,,,,,,,,,,,,,10
dagger_wing,dagger_Bomber,"bomber4, bomber, high, hightech_bp, merc, ind",1,,5,18,V,4000,2000,600,4,BOMBER,Bomber,15,9000,,,,,,,,,,,,,11
piranha_wing,piranha_Bomber,"bomber3, bomber, low, lowtech_bp, merc, ind",0,,5,10,CLAW,4000,2500,600,4,BOMBER,Bomber,10,6000,,,,,,,,,,,,,12
trident_wing,trident_Bomber,"bomber5, bomber, high, rare_bp, hist1t, merc",2,,8,25,V,4000,2000,600,3,BOMBER,Bomber,20,14000,,,,,,,,,,,,,13
perdition_wing,perdition_Bomber,"bomber4, bomber, low, rare_bp, merc",0,,3,20,V,4000,2000,600,4,BOMBER,Bomber,10,4000,,,,,,,,,,,,,10
cobra_wing,cobra_Bomber,"bomber4, bomber, low, rare_bp, hist1t, auto_fighter, merc",1,,6,15,V,4000,2000,600,2,BOMBER,Bomber,15,10000,,,,,,,,,,,,,10
,,,,,,,,,,,,,,,,,,,,,,,,,,,,
sarissa_wing,sarissa_Fighter,"stay_in_front_of_ship, support1, fighter, low, rare_bp, hist1t, merc, ind",1,,7,12,CLAW,0,500,,3,SUPPORT,Support,15,8000,,,,,,,,,,,,,
xyphos_wing,xyphos_Fighter,"stay_in_front_of_ship, support2, fighter, high, rare_bp, hist1t, merc, ind",2,,7,18,V,0,500,,2,SUPPORT,Support,20,10000,,,,,,,,,,,,,2
mining_drone_wing,mining_drone_Standard,"stay_in_front_of_ship, support0, drone, low, base_bp, auto_fighter, ind",0,,5,0,BOX,0,500,,4,SUPPORT,Drone,5,1500,,,,,,,,,,,,,17