{
	"starSystem":"fanvorita",
	"markets":[
		{
			"entities":["tiny_person"],
			"faction":"hegemony",
			"freePort":false,
			"size":6,
			"startingConditions":[
				"population_6",
				"rare_ore_sparse",
				"volatiles_diffuse",
				"organics_trace",
				"water_surface",
				"low_gravity",
			],
			"industries":[
				"population",
				"megaport",
				"mining",
				"lightindustry",
				"commerce",
				"battlestation",
				"heavybatteries",
				"militarybase",
			],
		},
	],
}



