{
	"starSystem":"magec",
	"markets":[
		{
			"entities":["tibicena", "achaman_enterprise_station"],
			"faction":"tritachyon",
			"size":6,
			"startingConditions":[
				"population_6",
				"rare_ore_abundant",
				"ore_abundant",
				"volatiles_diffuse",
				"organics_trace",
				"no_atmosphere",
			],
			"industries":[
				"population",
				"megaport",
				["mining", "mantle_bore"],
				"refining",
				"commerce",
				"starfortress_mid",
				["heavybatteries", "drone_replicator"],
				"militarybase",
			],
		},	
		{
			"entities":["kantas_den"],
			"faction":"pirates",
			"size":6,
			"freePort":true,
			"startingConditions":[
				"population_6",
				"ore_abundant",
				"rare_ore_ultrarich",
				"organics_common",
				"tough_station",
			],
			"industries":[
				"population",
				"megaport",
				"mining",
				"lightindustry",
				"commerce",
				"starfortress",
				"heavybatteries",
				"highcommand",
			],
		},
		{
			"entities":["new_maxios"],
			"faction":"independent",
			"size":5,
			"startingConditions":[
				"population_5",
				"ore_abundant",
				"rare_ore_rich",
				"irradiated",
			],
			"industries":[
				"population",
				"megaport",
				"mining",
				"refining",
				["orbitalworks", "pristine_nanoforge"],
				["starfortress_high", "alpha_core"],
				["heavybatteries", "drone_replicator"],
				"patrolhq",
			],
		},	
	],


}



