{
	"starSystem":"thule",
	"markets":[
		{
			"entities":["kazeron", "kazeron_station"],
			"faction":"persean",
			"size":8,
			"startingConditions":[
				"population_8",
				"no_atmosphere",
				"ore_moderate",
				"rare_ore_rich",
			],
			"industries":[
				"population",
				"megaport",
				["mining", "mantle_bore"],
				["orbitalworks", "pristine_nanoforge"],
				["commerce", "dealmaker_holosuite", "alpha_core"],
				"heavybatteries",
				"highcommand",
				"starfortress_mid",
			],
		},
		{
			"entities":["eldfell"],
			"faction":"independent",
			"size":6,
			"startingConditions":[
				"population_6",
				"farmland_poor",
				"rare_ore_abundant",
				"ore_abundant",
				"mild_climate",
				"tectonic_activity",
				"hot",
				"habitable",
			],
			"industries":[
				"population",
				"megaport",
				"farming",
				"mining",
				"refining",
				"commerce",
				"battlestation_high",
				"grounddefenses",
				"patrolhq",
			],
		},
		{
			"entities":["skoll", "thule_pirate_station"],
			"faction":"pirates",
			"size":7,
			"freePort":true,
			"startingConditions":[
				"volatiles_plentiful",
				"organics_common",
				"poor_light",
				"dense_atmosphere",
				"very_cold",
				"population_7",
				"non_dense_giant",
			],
			"industries":[
				["population", "orbital_fusion_lamp", "gamma_core"],
				"megaport",
				["mining", "plasma_dynamo"],
				"lightindustry",
				"fuelprod",
				"starfortress",
				"heavybatteries",
				"militarybase",
			],
		},
	],


}



