id,group,rank,order,hazard,reqSurvey,xpMult,requiresAll,requiresAny,requiresNotAny,cat_giant,fire_giant,cat_irradiated,cat_barren,rocky_metallic,rocky_unstable,rocky_ice,cat_lava,lava_minor,cat_frozen,cat_yeti,cat_cryovolcanic,cat_toxic,toxic_cold,cat_hab1,cat_hab2,cat_hab3,terran-eccentric,jungle,water,cat_hab4,terran,multipliers >>>,tectonic_activity,extreme_tectonic_activity,low_gravity,non_dense_giant,high_gravity,meteor_impacts,cold,very_cold,dense_atmosphere,toxic_atmosphere,irradiated,water_surface,mild_climate,habitable,extreme_weather,poor_light,dark,inimical_biosphere,alien_life,decivilized,pollution
habitable_no_pick,habitable,0,10,,,,,,,,,10,,,,,,10,,,,10,0,,10,,,,10,,,,,,,,,,,,,,,,,,,,,,,,
habitable,habitable,1,10,,,,,,"very_hot, very_cold, toxic_atmosphere",,,3,,,,,,3,,,,3,0,,3,1,,,3,1,,,,,,,,,,,,,,,,,,,,,,,
hydroponics,habitable,1,10,,,,,,,,,,,,,,,,,,,,,,,,,,,,,,,,,,,,,,,,,,,,,,,,,,
,,,,,,,,,,,,,,,,,,,,,,,,,,,,,,,,,,,,,,,,,,,,,,,,,,,,,
merciless,trait,0,10,0.25,,,,,,,,,,,,,,,,,,,,,,,,,,,,,,,,,,,,,,,,,,,,,,,,,
amorous_good,trait,0,10,,,,,,,,,,,,,,,,,,,,,,,,,,,,,,,,,,,,,,,,,,,,,,,,,,
amorous_evil,trait,1,10,,TRUE,,,,,,,,,,,,,,,,,,,,,,,,,,,,,,,,,,,,,,,,,,,,,,,,
familiar_hot,trait,0,10,,,,,,,,,,,,,,,,,,,,,,,,,,,,,,,,,,,,,,,,,,,,,,,,,,
familiar_cold,trait,0,10,,,,,,,,,,,,,,,,,,,,,,,,,,,,,,,,,,,,,,,,,,,,,,,,,,
,,,,,,,,,,,,,,,,,,,,,,,,,,,,,,,,,,,,,,,,,,,,,,,,,,,,,
unfair,cold,0,3,0,,,,,,,,,,,,,,,,,,,,,,,,,,,,,,,,,,,,,,,,,,,,,,,,,
cold,cold,1,3,0.25,,,,,"irradiated, thin_atmosphere, no_atmosphere, unfair",,,,,,,,,,,,,,,,,,,,,,,,,,,,,,,,,,,,,,,,,,,,
very_cold,cold,2,3,0.5,,,,,"irradiated, thin_atmosphere, no_atmosphere",,,,,,,,,,,,,,,,,,,,,,,,,,,,,,,,,,,,,,,,,,,,
,,,,,,,,,,,,,,,,,,,,,,,,,,,,,,,,,,,,,,,,,,,,,,,,,,,,,
hot,hot,1,3,0.25,,,,,"irradiated, thin_atmosphere, no_atmosphere",,,,,,,,,,,,,,,,,,,,,,,,,,,,,,,,,,,,,,,,,,,,
very_hot,hot,2,3,0.5,,,,,"irradiated, thin_atmosphere, no_atmosphere",,,,,,,,,,,,,,,,,,,,,,,,,,,,,,,,,,,,,,,,,,,,
,,,,,,,,,,,,,,,,,,,,,,,,,,,,,,,,,,,,,,,,,,,,,,,,,,,,,
tectonic_no_pick,tectonic,0,1,,,,,,,,,10,,,,,,,,,,10,,,10,10,,,,10,,,,,,,,,,,,,,,,,,,,,,,
tectonic_activity,tectonic,1,1,0.25,,,,,,,,3,,,3,,3,,,,3,3,,,3,3,,,0,3,,,,,,,,,,,,,,,,,,,,,,,
extreme_tectonic_activity,tectonic,2,1,0.5,,,,,,,,1,,,1,,1,,,,1,1,,,1,1,,,0,1,,,,,,,,,,,,,,,,,,,,,,,
fury_hot,tectonic,2,1,,,,,,,,,,,,,,,,,,,,,,,,,,,,,,,,,,,,,,,,,,,,,,,,,,
fury_cold,tectonic,2,1,,,,,,,,,,,,,,,,,,,,,,,,,,,,,,,,,,,,,,,,,,,,,,,,,,
,,,,,,,,,,,,,,,,,,,,,,,,,,,,,,,,,,,,,,,,,,,,,,,,,,,,,
atmosphere_no_pick,atmosphere,0,2,,,,,,,,,,,,,,,,,,,,,,,,,,,,,,,,,,,,,,,,,,,,,,,,,,
thin_atmosphere,atmosphere,1,2,0.25,,,,,high_gravity,,,,,,1,1,,,1,,,,,1,,,,,,,,,,,,,,,,,,,,,,,,,,,,,
no_atmosphere,atmosphere,1,2,0.5,,,,,toxic_atmosphere,,,,1,,0,0,,,,,,,,,,,,,,,,,,,,,,,,,,,,,,,,,,,,,
dense_atmosphere,atmosphere,1,2,0.5,,,,,toxic_atmosphere,1,,,,,,,,,,,,1,,,,,,,,,,,,,,,,,,,,,,,,,,,,,,,
,,,,,,,,,,,,,,,,,,,,,,,,,,,,,,,,,,,,,,,,,,,,,,,,,,,,,
toxic_atmosphere_no_pick,toxic,0,1,,,,,,,,,,,,,,,,,,,,,,10,,,,10,,,,,,,,,,,,,,,,,,,,,,,,
toxic_atmosphere,toxic,1,1,0.5,,,,high_gravity,,,1,,,1,1,,1,,,,,,,,1,,,,1,,,,,,,,3,,,,,,,,,,,,,,,,
,,,,,,,,,,,,,,,,,,,,,,,,,,,,,,,,,,,,,,,,,,,,,,,,,,,,,
weather_no_pick,weather,0,2,,,,,,,,,,,,,,,10,,,,10,,10,10,10,,,,10,,,,,,,,,,,,,,,,,,,,,,,
extreme_weather,weather,1,2,0.25,,,,,"no_atmosphere, thin_atmosphere, dense_atmosphere",,,,,,,,,3,,,,3,,3,3,3,,,0,3,,,,,,,,,,,,,,,,,,,,,,,
mild_climate,weather,1,2,-0.25,,,,,"no_atmosphere, thin_atmosphere, dense_atmosphere",,,,,,,,,1,,,,1,,1,1,1,,,,1,,,,,,,,,,,,,,,,,,,,,,,
,,,,,,,,,,,,,,,,,,,,,,,,,,,,,,,,,,,,,,,,,,,,,,,,,,,,,
non_dense_giant,gravity,1,0,,,,,,,10,0,,,,,,,,,,,,,,,,,,,,,,,,,,,,,,,,,,,,,,,,,,
low_gravity,gravity,0,0,0.25,,,,,,,,,,,,,,,,,,,,,,,,,,,,,,,,,,,,,,,,,,,,,,,,,
high_gravity,gravity,1,0,0.5,,,,,non_dense_giant,3,,,,,,,,,,,,,,,,,,,,,,,,,,,,,,,,,,,,,,,,,,,
,,,,,,,,,,,,,,,,,,,,,,,,,,,,,,,,,,,,,,,,,,,,,,,,,,,,,
irradiated,radiation,0,0,0.5,,,,,,,,1,,,,,,,,,,,,,,,,,,,,,,,,,,,,,,,,,,,,,,,,,
tough_station,radiation,0,0,0.25,,,,,,,,,,,,,,,,,,,,,,,,,,,,,,,,,,,,,,,,,,,,,,,,,
,,,,,,,,,,,,,,,,,,,,,,,,,,,,,,,,,,,,,,,,,,,,,,,,,,,,,
underground_arcology,attunement,0,0,-0.25,,,,,,,,,,,,,,,,,,,,,,,,,,,,,,,,,,,,,,,,,,,,,,,,,
,,,,,,,,,,,,,,,,,,,,,,,,,,,,,,,,,,,,,,,,,,,,,,,,,,,,,
biosphere_no_pick,biosphere,,1,,,,,,,1000,,1000,1000,,,,1000,100,100,100,100,100,,100,10,10,,0,100,10,,,,,,,,,,,,,,,,,,,,,,,
inimical_biosphere,biosphere,1,1,0.25,TRUE,2,,,,3,,3,3,,,,3,3,3,3,3,3,,3,3,3,,,3,3,,,,,,,,,,,,,,,,,,,,,,,
alien_life,biosphere,2,1,0.5,TRUE,4,,,,1,,1,1,,,,1,1,1,1,1,1,,1,1,1,,,1,1,,,,,,,,,,,,,,,,,,,,,,,
,,,,,,,,,,,,,,,,,,,,,,,,,,,,,,,,,,,,,,,,,,,,,,,,,,,,,
,,,,,,,,,,,,,,,,,,,,,,,,,,,,,,,,,,,,,,,,,,,,,,,,,,,,,
water_surface,surface,,1,0.25,,,,,,,,,,,,,,,,,,,,,,,,,1,,,,,,,,,,,,,,,,,,,,,,,,
,,,,,,,,,,,,,,,,,,,,,,,,,,,,,,,,,,,,,,,,,,,,,,,,,,,,,
poor_light,light,,3,0.25,,,,,"irradiated, thin_atmosphere, no_atmosphere",,,,,,,,,,,,,,,,,,1,,,,,,,,,,,,,,,,,,,,,,,,,,
dark,light,,3,0.5,,,,,"irradiated, thin_atmosphere, no_atmosphere",,,,,,,,,,,,,,,,,,,,,,,,,,,,,,,,,,,,,,,,,,,,
,,,,,,,,,,,,,,,,,,,,,,,,,,,,,,,,,,,,,,,,,,,,,,,,,,,,,
meteor_impacts_no_pick,meteor,0,4,,,,,,,,,100,100,,,,100,,100,100,100,100,,100,100,100,,,,100,,,,,,,,,,,,,,,,,,,,,,,
meteor_impacts,meteor,1,4,0.25,,,,,very_hot,,,3,3,,,,3,,3,3,3,3,,3,3,3,,,,3,,,,,,,2,,,,,,,,,,,,,,,,
,,,,,,,,,,,,,,,,,,,,,,,,,,,,,,,,,,,,,,,,,,,,,,,,,,,,,
pollution_no_pick,pollution,0,20,,,,,,,,,,,,,,,100,,,,100,,,100,10,,,,10,5,,,,,,,,,,,,,,,,,,,,,,
pollution,pollution,1,20,0.25,,,habitable,"ruins_widespread, ruins_extensive, ruins_vast, ruins_scattered",,,,,,,,,,1,,,,1,,,1,1,,,,1,1,,,,,,,,,,,,,,,,,,,,,,
,,,,,,,,,,,,,,,,,,,,,,,,,,,,,,,,,,,,,,,,,,,,,,,,,,,,,
ore_no_pick,ore,0,5,,,,,,,,0,0,0,,,,0,,100,100,100,0,10,0,0,10,,,100,10,,,,0,2,,0,,,,,0,,,,,,,,,,,
ore_sparse,ore,1,5,,TRUE,1,,,,,0,0,0,,,,0,,20,20,20,0,20,0,0,20,,,20,20,,,1,1,2,,1,1,,,,1,,,,,,,,,,,
ore_moderate,ore,2,5,,TRUE,2,,,,,10,10,10,,,,10,,40,40,40,10,40,10,10,40,,,40,40,,,2,3,0.75,,3,2,,,,3,,,,,,,,,,,
ore_abundant,ore,3,5,,TRUE,4,,,,,30,30,30,,,,30,,4,4,4,30,4,30,30,4,,,4,4,,,3,5,0.5,,5,3,,,,5,,,,,,,,,,,
ore_rich,ore,4,5,,TRUE,8,,"toxic_atmosphere, extreme_tectonic_activity, irradiated",,,20,20,20,,,,20,,2,2,2,20,2,20,20,2,,,2,2,,,4,7,0.25,,7,4,,,,7,,,,,,,,,,,
ore_ultrarich,ore,5,5,,TRUE,16,,"toxic_atmosphere, extreme_tectonic_activity, irradiated",,,10,10,10,,,,10,,1,1,1,10,1,10,10,1,,,1,1,,,5,10,0.1,,10,5,,,,10,,,,,,,,,,,
,,,,,,,,,,,,,,,,,,,,,,,,,,,,,,,,,,,,,,,,,,,,,,,,,,,,,
rare_ore_no_pick,rare_ore,0,6,,,,,,,,10,10,0,,,,10,,200,200,200,0,50,10,10,50,,,200,50,,,,0,2,,0,,,,,0,,,,,,,,,,,
rare_ore_sparse,rare_ore,1,6,,TRUE,2,,,,,10,10,0,,,,10,,10,10,10,0,10,10,10,10,,,10,10,,,1,1,2,,1,1,,,,1,,,,,,,,,,,
rare_ore_moderate,rare_ore,2,6,,TRUE,4,,,,,10,10,10,,,,10,,5,5,5,10,5,10,10,5,,,5,5,,,2,3,0.75,,3,2,,,,3,,,,,,,,,,,
rare_ore_abundant,rare_ore,3,6,,TRUE,8,,,,,30,30,30,,,,30,,5,5,5,30,5,30,30,5,,,5,5,,,3,5,0.5,,5,3,,,,5,,,,,,,,,,,
rare_ore_rich,rare_ore,4,6,,TRUE,16,,"toxic_atmosphere, extreme_tectonic_activity, irradiated",,,20,20,20,,,,20,,2,2,2,20,2,20,20,2,,,2,2,,,4,7,0.25,,7,4,,,,7,,,,,,,,,,,
rare_ore_ultrarich,rare_ore,5,6,,TRUE,32,,"toxic_atmosphere, extreme_tectonic_activity, irradiated",,,10,10,10,,,,10,,1,1,1,10,1,10,10,1,,,1,1,,,5,10,0.1,,10,5,,,,10,,,,,,,,,,,
,,,,,,,,,,,,,,,,,,,,,,,,,,,,,,,,,,,,,,,,,,,,,,,,,,,,,
volatiles_no_pick,volatiles,0,5,,,,,,,,100,100,100,,,,100,,,,,100,100,100,100,100,,,0,100,,,,,2,,0,,,0,0,0,,,,,,,0,,,,
volatiles_trace,volatiles,1,5,,TRUE,3,,,,10,10,10,10,,,,10,,10,10,10,10,10,10,10,10,,,10,10,,,,,0.75,,2,1,1,2,2,2,,,,,,1,2,,,,
volatiles_diffuse,volatiles,2,5,,TRUE,6,,,,20,5,5,5,,,,5,,20,20,20,5,5,5,5,5,,,20,5,,,,,0.5,,3,2,2,3,3,3,,,,,,2,3,,,,
volatiles_abundant,volatiles,4,5,,TRUE,12,,,,10,3,3,3,,,,3,,10,10,10,3,3,3,3,3,,,10,3,,,,,0.25,,4,3,3,4,4,4,,,,,,3,4,,,,
volatiles_plentiful,volatiles,5,5,,TRUE,24,,"dense_atmosphere, toxic_atmosphere, dark",,5,1,1,1,,,,1,,5,5,5,1,1,1,1,1,,,5,1,,,,,0.1,,5,4,4,5,5,5,,,,,,4,5,,,,
,,,,,,,,,,,,,,,,,,,,,,,,,,,,,,,,,,,,,,,,,,,,,,,,,,,,,
organics_no_pick,organics,0,5,,,,,,,,100,100,100,,,,100,,100,100,,100,0,100,100,100,,,0,100,,,,,2,,0,,,0,0,0,,,,,,,0,,0,,
organics_trace,organics,1,5,,TRUE,2,,,,10,10,10,10,,,,10,,10,10,10,10,10,10,10,10,,,10,10,,,,,0.75,,2,1,1,2,2,2,,,,,,1,2,2,4,,
organics_common,organics,2,5,,TRUE,4,,,,20,5,5,5,,,,5,,5,5,20,5,20,5,5,5,,,20,5,,,,,0.5,,3,2,2,3,3,3,,,,,,2,3,4,6,,
organics_abundant,organics,4,5,,TRUE,8,,,,10,3,3,3,,,,3,,3,3,10,3,10,3,3,3,,,10,3,,,,,0.25,,4,3,3,4,4,4,,,,,,3,4,6,8,,
organics_plentiful,organics,5,5,,TRUE,16,,"dense_atmosphere, toxic_atmosphere, dark, alien_life",,5,1,1,1,,,,1,,1,1,5,1,5,1,1,1,,,5,1,,,,,0.1,,5,4,4,5,5,5,,,,,,4,5,8,10,,
,,,,,,,,,,,,,,,,,,,,,,,,,,,,,,,,,,,,,,,,,,,,,,,,,,,,,
farmland_no_pick,farmland,0,30,,,,,,,,,100,,,,,,100,,,,100,,100,100,0,,,0,100,0,,,0,,,2,2,,,,,,,,,,,,,,0,
farmland_poor,farmland,1,30,,TRUE,2,,,no_atmosphere,,,10,,,,,,10,,,,10,,10,10,10,,,0,10,10,,1,2,,,0.75,0.75,,,,,,,,,1,,,,,4,
farmland_adequate,farmland,2,30,,TRUE,4,,,no_atmosphere,,,1,,,,,,1,,,,1,,1,1,20,,,0,5,20,,2,3,,,0.5,0.5,,,,,,,,,2,,,,,6,
farmland_rich,farmland,4,30,,TRUE,8,,decivilized,no_atmosphere,,,,,,,,,,,,,,,,,10,,,0,3,10,,3,4,,,0.25,0.25,,,,,,,,,3,,,,,8,
farmland_bountiful,farmland,5,30,,TRUE,16,,decivilized,no_atmosphere,,,,,,,,,,,,,,,,,5,,,0,1,5,,4,5,,,0.1,0.1,,,,,,,,,4,,,,,10,
,,,,,,,,,,,,,,,,,,,,,,,,,,,,,,,,,,,,,,,,,,,,,,,,,,,,,
ruins_no_pick,ruins,0,10,,,,,,,100,,100,100,,,,100,,100,100,100,100,,100,100,100,,,,100,,,,2,,,2,,,,2,2,2,,,,,,2,,0,,
ruins_scattered,ruins,1,10,,TRUE,4,,,,10,,10,10,,,,10,,10,10,10,10,,10,10,10,,,,10,,,,0.75,,1,0.75,,,,0.75,0.75,0.75,,1,1,,,0.75,1,2,,
ruins_widespread,ruins,2,10,,TRUE,8,,,,5,,5,5,,,,5,,5,5,5,5,,5,5,5,,,,5,,,,0.5,,2,0.5,,,,0.5,0.5,0.5,,2,2,,,0.5,2,3,,
ruins_extensive,ruins,4,10,,TRUE,16,,,,3,,3,3,,,,3,,3,3,3,3,,3,3,3,,,,3,,,,0.25,,3,0.25,,,,0.25,0.25,0.25,,3,3,,,0.25,3,4,,
ruins_vast,ruins,5,10,,TRUE,32,,,,1,,1,1,,,,1,,1,1,1,1,,1,1,1,,,,1,,,,0.1,,4,0.1,,,,0.1,0.1,0.1,,4,4,,,0.1,4,5,,
,,,,,,,,,,,,,,,,,,,,,,,,,,,,,,,,,,,,,,,,,,,,,,,,,,,,,
decivilized_no_pick,decivilized,0,12,,,,,,,10,,10,10,,,,10,,10,10,10,10,,10,10,10,,,,10,,,,,,,,,,,,,,,,,,,,,,,
decivilized,decivilized,1,12,,TRUE,2,,"ruins_widespread, ruins_extensive, ruins_vast",,3,,3,3,,,,3,,3,3,3,3,,3,3,3,,,,3,,,,,,,,,,,,,,,,,,,,,,,
decivilized_subpop,decivilized,1,12,,TRUE,4,,,,,,,,,,,,,,,,,,,,,,,,,,,,,,,,,,,,,,,,,,,,,,,