{
	"starSystem":"vancouver",
	"markets":[
		{
			"entities":["abraham_newelles"],
			"faction":"independent",
			"size":4,
			"startingConditions":[
				"population_4",
				"ruins_scattered",
				"rare_ore_rich",
				"ore_rich",
				"organics_common",
				"volatiles_trace",
				"thin_atmosphere",
				"tectonic_activity",
			],
			"industries":[
				"population",
				"megaport",
				"mining",
				"techmining",
				"orbitalstation",
				"grounddefenses",
				"patrolhq",
			],
		},
		{
			"entities":["brumingham"],
			"faction":"luddic_church",
			"size":5,
			"startingConditions":[
				"luddic_majority",
				"population_5",
				"farmland_adequate",
				"rare_ore_abundant",
				"ore_abundant",
				"thin_atmosphere",
			],
			"industries":[
				"population",
				"megaport",
				"farming",
				"mining",
				#"commerce",
				"battlestation_mid",
				"heavybatteries",
				"militarybase",
			],
		},
		{
			"entities":["darknight_pirate_station"],
			"faction":"pirates",
			"freePort":false,
			"size":5,
			"startingConditions":[
				"luddic_majority",
				"population_5",
				"tough_station",
				"hydroponics",
			],
			"industries":[
				"population",
				"megaport",
				"lightindustry",
				"commerce",
				"battlestation_high",
				"heavybatteries",
				"militarybase",
			],
		},
		],
}