id,trigger,conditions,script,text,options,notes
aiCores_turnInOptionSelPath,DialogOptionSelected,"$option == aiCores_startTurnIn
$faction.id == luddic_path",FireAll PopulateCoresTurnInOptions,"""That is quite an interesting proposal. To grant us the ability to purge the creatures of Moloch from this Sector, before they cause the ultimate arrival of its end. We will gladly accept your dedication to our cause if you wish to grant it.""",,
aiCores_turnInResponsePath,AICoresTurnedIn,$faction.id == luddic_path,FireAll PopulateOptions,$PersonRank $personLastName appears confused for a moment. Before uttering something incomprehensive under their nose.,,
,,,,,,
aiCores_turnInOptionSelPirate,DialogOptionSelected,"$option == aiCores_startTurnIn
$faction.id == pirates",FireAll PopulateCoresTurnInOptions,"The pirate freezes for a moment and then laughs wholeheartedly. ""Go ahead. Indulge me"". $PersonRank $personLastName utters.",,
aiCores_turnInResponsePirate,AICoresTurnedIn,$faction.id == pirates,FireAll PopulateOptions,The $PersonRank looks behind themselves as if expecting a ghost to stab them in the back. Then returns to you. Nods. And disappears from your screen.,,