{
	"id":"dumb_tweaks",
	"name":"Fever Dream Balancing",
	"author":"Krill",
	"version":"3D-c-a",
	"description":"it's bleak",
	"gameVersion":"0.97a-RC11",
	
	"replace": [
	"data/config/title_screen_variants.csv",
	"data/strings/tips.json",
	
	"data/characters/skills/automated_ships.skill",
	"data/characters/skills/ballistic_mastery.skill",
	"data/characters/skills/carrier_group.skill",
	"data/characters/skills/combat_endurance.skill",
	"data/characters/skills/coordinated_maneuvers.skill",
	"data/characters/skills/crew_training.skill",
	"data/characters/skills/cybernetic_augmentation.skill",
	"data/characters/skills/damage_control.skill",
	"data/characters/skills/derelict_contingent.skill",
	"data/characters/skills/electronic_warfare.skill",
	"data/characters/skills/field_repairs.skill",
	"data/characters/skills/field_modulation.skill",
	"data/characters/skills/fighter_uplink.skill",
	"data/characters/skills/flux_regulation.skill",
	"data/characters/skills/helmsmanship.skill",
	"data/characters/skills/hull_restoration.skill",
	"data/characters/skills/hypercognition.skill",
	"data/characters/skills/impact_mitigation.skill",
	"data/characters/skills/industrial_planning.skill",
	"data/characters/skills/missile_specialization.skill",
	"data/characters/skills/ordnance_expert.skill",
	"data/characters/skills/point_defense.skill",
	"data/characters/skills/polarized_armor.skill",
	"data/characters/skills/phase_corps.skill",
	"data/characters/skills/support_doctrine.skill",
	"data/characters/skills/systems_expertise.skill",
	"data/characters/skills/tactical_drills.skill",
	"data/characters/skills/target_analysis.skill",
	"data/characters/skills/wolfpack_tactics.skill",
	
	#I'm sorry for nerfing these, but I want to pick them without feeling like I'm breaking the game
	"data/characters/skills/sensors.skill",
	"data/characters/skills/navigation.skill",
	"data/characters/skills/bulk_transport.skill",
	
	#phase OP now, no need for this anymore
	"data/characters/skills/phase_corps.skill",
	
	"data/hullmods/FrontShieldEmitter.java",
	"data/hullmods/IllAdvised.java",
	"data/hullmods/ShieldShunt.java",
	"data/hullmods/ExpandedMagazines.java",
	"data/hullmods/AdvancedTurretGyros.java",
	"data/hullmods/IntegratedTargetingUnit.java",

	"data/weapons/proj/gorgon.proj",
	"data/weapons/proj/gazer.proj",
	"data/weapons/proj/breach_srm.proj",
	"data/weapons/proj/miningblaster_shot.proj",
	
	"data/weapons/proj/squall_rocket.proj",
	"data/hulls/skin/mudskipper2.skin",
	"data/hulls/guardian.ship",
	"data/hulls/drover.ship",
	"data/hulls/fulgent.ship",
	"data/hulls/astral.ship",
	"data/hulls/talon.ship",
	
	"graphics/ships/remnants/remnant_cruiser1.png",
	#"graphics/ships/fighters/warthog_lowtech.png",
	
	"data/hulls/dram.ship",
	"data/hulls/phaeton.ship",
	"data/hulls/prometheus.ship",
	"data/hulls/prometheus2.ship",
	"data/hulls/starliner.ship",
	"data/hulls/ox.ship",
	
	"data/variants/derelict/guardian_Standard.variant",
	
	"data/variants/fighters/claw_Fighter.variant",
	"data/variants/fighters/gladius_Fighter.variant",
	"data/variants/fighters/thunder_Fighter.variant",
	"data/variants/fighters/warthog_Fighter.variant",
	
	"data/variants/remnant/lux_Fighter.variant",
	"data/variants/remnant/spark_Interceptor.variant",

	"data/variants/hyperion_Attack.variant",
	"data/variants/hyperion_Strike.variant",
	
	"data/variants/tempest_Attack.variant",

	"data/variants/fury_Attack.variant",
	"data/variants/fury_Support.variant",
	
	"data/variants/afflictor_Strike.variant",
	"data/variants/shade_Assault.variant",
	"data/variants/afflictor_d_pirates_Strike.variant",
	"data/variants/shade_d_pirates_Assault.variant",
	
	"data/variants/doom_Support.variant",
	"data/variants/doom_Strike.variant",
	"data/variants/doom_Attack.variant",
	
	"data/world/factions/hegemony.faction",
	"data/world/factions/independent.faction",
	"data/world/factions/tritachyon.faction",
	"data/world/factions/persean_league.faction",
	"data/world/factions/luddic_church.faction",
	"data/world/factions/luddic_path.faction",
	"data/world/factions/sindrian_diktat.faction",
	"data/world/factions/pirates.faction",
	
	#"data/shipsystems/displacer.system",
	#"data/shipsystems/displacer_degraded.system",
	#"data/shipsystems/temporalshell.system",
	#"data/shipsystems/phasecloak.system",
	
	#VERSION 2A-b & VERSION 2A-c
	#CHANGES
	
	"data/hulls/picket.ship",
	
	#"data/hulls/hound.ship",
	#"data/hulls/warhound.ship",
	"data/hulls/skins/hound_luddic_path.skin",
	"data/hulls/skins/cerberus_luddic_path.skin",
	"data/hulls/skins/kite_luddic_path.skin",
	
	#hound variants
	"data/variants/hound/hound_Standard.variant",
	"data/variants/hound/hound_d_pirates_Overdriven.variant",
	"data/variants/hound/hound_d_pirates_Shielded.variant",
	"data/variants/hound/hound_luddic_path_Attack.variant",
	"data/variants/hound/hound_Starting.variant",
	"data/variants/hound/hound_d_pirates_Standard.variant",
	"data/variants/hound/hound_d_Standard.variant",
	"data/variants/hound/hound_hegemony_Standard.variant",
	"data/variants/hound/hound_luddic_church_Standard.variant",
	
	#MODIFIED ECCM
	"data/variants/omega/facet_Missile.variant",
	"data/variants/omega/facet_Shieldbreaker.variant",
	
	#MODIFIED DERELICTS
	"data/variants/derelict/rampart_Standard.variant",
	"data/variants/bastillon_Standard.variant",
	"data/variants/berserker_Assault.variant",
	"data/variants/picket_Assault.variant",
	"data/variants/defender_PD.variant",
	"data/variants/sentry_FS.variant",
	"data/variants/warden_Defense.variant",
	
	#HIGH TECH STATION CHANGES
	#"data/variants/stations/module_hightech_attack_minelayer_Standard.variant",
	#"data/variants/stations/module_hightech_attack_Standard.variant",
	
	#MODIFIED REMNANT FRIGATES & DESTROYERS
	"data/variants/remnant/fulgent_Assault.variant",
	"data/variants/remnant/fulgent_Support.variant",
	"data/variants/remnant/scintilla_Strike.variant",
	"data/variants/remnant/scintilla_Support.variant",
	
	"data/variants/remnant/glimmer_Assault.variant",
	"data/variants/remnant/glimmer_Support.variant",
	"data/variants/remnant/lumen_Standard.variant",
	
	"data/variants/remnant/nova_Standard.variant",
	"data/variants/remnant/nova_Attack.variant",
	"data/variants/remnant/radiant_Assault.variant",
	"data/variants/remnant/radiant_Standard.variant",
	"data/variants/remnant/radiant_Strike.variant",

	#MODIFIED REMNANT CRUISERS
	"data/variants/remnant/brilliant_Standard.variant",
	"data/variants/remnant/apex_Standard.variant",
	"data/variants/remnant/apex_Overdriven.variant",
	"data/variants/remnant/apex_Missile.variant",
	"data/variants/remnant/apex_Assault.variant",
	
	"data/variants/wayfarer/wayfarer_Standard.variant",
	"data/variants/retribution/retribution_Standard.variant",
	
	"data/variants/invictus/invictus_Standard.variant",
	"data/variants/invictus/invictus_Support.variant",
	
	#Eagle variants
	"data/variants/eagle/eagle_Assault.variant",
	"data/variants/eagle/eagle_Balanced.variant",
	"data/variants/eagle/eagle_Support.variant",
	"data/variants/eagle/eagle_LG_Assault.variant",
	"data/variants/eagle/eagle_LG_Support.variant",
	
	#Falcon variants
	"data/variants/falcon/falcon_Attack.variant",
	"data/variants/falcon/falcon_CS.variant",
	"data/variants/falcon/falcon_LG_Attack.variant",
	"data/variants/falcon/falcon_LG_CS.variant",
	"data/variants/falcon/falcon_p_Strike.variant",
	"data/variants/falcon/falcon_xiv_Elite.variant",
	
	"data/variants/falcon/falcon_Escort.variant",
	
	#Legion variants
	"data/variants/legion/legion_Assault.variant",
	"data/variants/legion/legion_Escort.variant",
	"data/variants/legion/legion_FS.variant",
	"data/variants/legion/legion_Strike.variant",
	"data/variants/legion/legion_xiv_Elite.variant",
	"data/variants/legion/legion_xiv_Automated.variant",
	
	#xiv skins
	"data/hulls/skins/enforcer_xiv.skin",
	"data/hulls/skins/legion_xiv.skin",
	"data/hulls/skins/falcon_xiv.skin",
	"data/hulls/skins/dominator_xiv.skin",
	"data/hulls/skins/eagle_xiv.skin",
	"data/hulls/skins/onslaught_xiv.skin",
	
	#misc variants
	"data/variants/buffalo2_Fighter_Support.variant",
	"data/variants/buffalo2_FS.variant",

	#manticore variants
	"data/variants/manticore/manticore_Assault.variant",
	"data/variants/manticore/manticore_Balanced.variant",
	"data/variants/manticore/manticore_luddic_path_Strike.variant",
	"data/variants/manticore/manticore_Outdated.variant",
	"data/variants/manticore/manticore_pirates_Assault.variant",
	"data/variants/manticore/manticore_pirates_Support.variant",
	"data/variants/manticore/manticore_Support.variant",
	
	"data/variants/brawler_Assault.variant",
	"data/variants/brawler_Elite.variant",
	"data/variants/brawler_LG_Elite.variant",
	"data/variants/brawler_Support.variant",
	"data/variants/brawler/brawler_tritachyon_Standard.variant",
	"data/variants/brawler/brawler_pather_Raider.variant",
	"data/variants/brawler/brawler_Starting.variant",
	
	"data/variants/centurion/centurion_Assault.variant",
	"data/variants/centurion/centurion_LG_Assault.variant",
	"data/variants/centurion/centurion_Starting.variant",
	
	"data/variants/gemini_Standard.variant",
	"data/variants/mudskipper2_Close_Support.variant",
	"data/variants/mudskipper2_Hellbore.variant",
	
	"data/variants/mudskipper2_Close_Support.variant",
	"data/variants/mudskipper2_Hellbore.variant",
	
	#PegaSUS variants
	"data/variants/pegasus/pegasus_Balanced.variant",
	"data/variants/pegasus/pegasus_Strike.variant",
	"data/variants/pegasus/executor_Standard.variant",
	"data/variants/pegasus/executor_Elite.variant",
	
	#Champion variants
	"data/variants/champion/champion_Assault.variant",
	"data/variants/champion/champion_DEMEscort.variant",
	"data/variants/champion/champion_Elite.variant",
	"data/variants/champion/champion_Escort.variant",
	"data/variants/champion/champion_Strike.variant",
	"data/variants/champion/champion_Support.variant",
	
	#Shrike variants
	"data/variants/shrike_Support.variant",
	"data/variants/shrike_Attack.variant",
	"data/variants/shrike_p_Attack.variant",
	
	"data/variants/astral_Strike.variant",
	"data/variants/astral_Elite.variant",
	"data/variants/astral_Attack.variant",
	
	#Droverium
	"data/variants/drover_Strike.variant",
	"data/variants/drover_Support.variant",
	"data/variants/drover_Starting.variant",
	"data/variants/drover_Attack.variant",
	
	"data/variants/medusa_CS.variant",
	"data/variants/medusa_PD.variant",
	"data/variants/medusa_Attack.variant",
	"data/variants/medusa_Starting.variant",
	
	#Heronium
	"data/variants/heron_Attack.variant",
	"data/variants/heron_Attack1.variant",
	"data/variants/heron_Attack2.variant",
	"data/variants/heron_Strike.variant",
	
	#Moron
	"data/variants/mora/mora_Assault.variant",
	"data/variants/mora/mora_Strike.variant",
	"data/variants/mora/mora_Support.variant",
	"data/variants/mora/mora_Torpedo.variant",
	
	
	#replaced LG skins for backwards compatability, cause I know they're going to be reworked soon
	#THIS ALSO MAKES THEM EASIER TO BUY, AS I HAVE REMOVED A CERTAIN TAG
	"data/hulls/skins/brawler_LG.skin",
	"data/hulls/skins/centurion_LG.skin",
	"data/hulls/skins/hammerhead_LG.skin",
	"data/hulls/skins/sunder_LG.skin",
	"data/hulls/skins/eagle_LG.skin",
	"data/hulls/skins/falcon_LG.skin",
	"data/hulls/skins/executor.skin",
	
	"data/hulls/skins/venture_pather.skin",
	"data/hulls/skins/venture_p.skin",
	"data/hulls/skins/brawler_tritachyon.skin",
	
	#Removed do_not_back_off from Omega cause they're squishier now
	"data/hulls/facet.ship",
	"data/hulls/shard_left.ship",
	"data/hulls/shard_right.ship",
	
	"data/hulls/ox.ship",
	"data/hulls/retribution.ship",
	"data/hulls/hyperion.ship",
	"data/hulls/monitor.ship",
	"data/hulls/odyssey.ship",
	"data/hulls/conquest.ship",
	
	#Aurora variants
	"data/variants/aurora/aurora_Assault.variant",
	"data/variants/aurora/aurora_Attack.variant",
	"data/variants/aurora/aurora_Balanced.variant",
	"data/variants/aurora/aurora_Strike.variant",
	"data/variants/aurora/aurora_Support.variant",
	
	#Hammerhead variants
	"data/variants/hammerhead/hammerhead_Balanced.variant",
	"data/variants/hammerhead/hammerhead_d_CS.variant",
	"data/variants/hammerhead/hammerhead_DEM.variant",
	"data/variants/hammerhead/hammerhead_Elite.variant",
	"data/variants/hammerhead/hammerhead_LG_Balanced.variant",
	"data/variants/hammerhead/hammerhead_LG_Elite.variant",
	"data/variants/hammerhead/hammerhead_Overdriven.variant",
	"data/variants/hammerhead/hammerhead_Support.variant",
	
	#Sunder variants
	"data/hulls/sunder.ship",
	
	"data/variants/sunder/sunder_Assault.variant",
	"data/variants/sunder/sunder_CS.variant",
	"data/variants/sunder/sunder_LG_Assault.variant",
	"data/variants/sunder/sunder_LG_CS.variant",
	"data/variants/sunder/sunder_Overdriven.variant",
	
	"data/variants/sunder/sunder_Support.variant",
	"data/variants/sunder/sunder_d_Assault.variant",
	
	#misc
	"data/variants/harbinger/harbinger_Strike.variant",
	"data/variants/prometheus2_Standard.variant",
	"data/variants/apogee_Balanced.variant",
	"data/variants/apogee_Starting.variant",
	"data/variants/odyssey_Balanced.variant",
	"data/variants/scarab/scarab_Experimental.variant",
	"data/variants/scarab/scarab_Starting.variant",
	"data/variants/omen_PD.variant",
	"data/variants/monitor_Escort.variant",
	"data/variants/monitor_Starting.variant",
	"data/variants/shepherd_Frontier.variant",
	"data/variants/shepherd_Starting.variant",
	"data/variants/centurion/centurion_Assault.variant",
	
	#Paragon variants
	"data/variants/paragon/paragon_Elite.variant",
	"data/variants/paragon/paragon_Escort.variant",
	"data/variants/paragon/paragon_Raider.variant",
	
	#Grendel shenanigans
	"data/hulls/grendel.ship",
	"data/hulls/gremlin.ship",
	"data/variants/grendel_Assault.variant",
	"data/variants/grendel_Support.variant",
	
	"data/hulls/hyperion.ship",
	"data/variants/fighters/xyphos_Fighter.variant",
	
	#Gremlin shenanigans
	"data/variants/gremlin_d_pirates_Strike.variant",
	"data/variants/gremlin_luddic_path_Strike.variant",
	"data/variants/gremlin_Strike.variant",
	
	#Conquest variant
	"data/variants/conquest/conquest_DEM.variant",
	"data/variants/conquest/conquest_Elite.variant",
	"data/variants/conquest/conquest_Standard.variant",
	
	#Venture Venture revolution
	"data/variants/venture/venture_Balanced.variant",
	"data/variants/venture/venture_Exploration.variant",
	"data/variants/venture/venture_pather_Attack.variant",
	"data/variants/venture/venture_Outdated.variant",
	"data/variants/venture/venture_p_Pirate.variant",
	
	#Freaking Lashers, how do they work!? And I don't want to talk to no scientist. These motherboard hackers are getting me pissed!
	"data/variants/lasher/lasher_Assault.variant",
	"data/variants/lasher/lasher_CS.variant",
	"data/variants/lasher/lasher_d_CS.variant",
	"data/variants/lasher/lasher_luddic_church_Standard.variant",
	"data/variants/lasher/lasher_luddic_path_Raider.variant",
	"data/variants/lasher/lasher_Overdriven.variant",
	"data/variants/lasher/lasher_PD.variant",
	"data/variants/lasher/lasher_Standard.variant",
	"data/variants/lasher/lasher_Starting.variant",
	"data/variants/lasher/lasher_Strike.variant",
	
	#Enforcer variants
	"data/variants/enforcer/enforcer_Assault.variant",
	"data/variants/enforcer/enforcer_Balanced.variant",
	"data/variants/enforcer/enforcer_CS.variant",
	"data/variants/enforcer/enforcer_d_pirates_Strike.variant",
	"data/variants/enforcer/enforcer_Elite.variant",
	"data/variants/enforcer/enforcer_Escort.variant",
	"data/variants/enforcer/enforcer_Fighter_Support.variant",
	"data/variants/enforcer/enforcer_Overdriven.variant",
	"data/variants/enforcer/enforcer_Rocket.variant",
	"data/variants/enforcer/enforcer_XIV_Elite.variant",
	
	#Eradicator variants
	"data/variants/eradicator/eradicator_Assault.variant",
	"data/variants/eradicator/eradicator_Fighter_Support.variant",
	"data/variants/eradicator/eradicator_Outdated.variant",
	"data/variants/eradicator/eradicator_Overdriven.variant",
	"data/variants/eradicator/eradicator_pirates_Attack.variant",
	"data/variants/eradicator/eradicator_pirates_Overdriven.variant",
	"data/variants/eradicator/eradicator_Support.variant",
	
	#condor
	"data/variants/condor_Attack.variant",
	"data/variants/condor_Strike.variant",
	"data/variants/condor_Support.variant",
	
	#Onslaught variants
	"data/variants/onslaught/onslaught_Elite.variant",
	"data/variants/onslaught/onslaught_Outdated.variant",
	"data/variants/onslaught/onslaught_Standard.variant",
	"data/variants/onslaught/onslaught_xiv_Elite.variant",
	
	#Mule variants
	"data/variants/mule/mule_d_pirates_Smuggler.variant",
	"data/variants/mule/mule_d_pirates_Standard.variant",
	"data/variants/mule/mule_d_Standard.variant",
	"data/variants/mule/mule_Fighter_Support.variant",
	"data/variants/mule/mule_Standard.variant",
	"data/variants/mule/mule_Starting.variant",
	
	#goddamn Kites
	"data/variants/kite_original_Stock.variant",
	"data/variants/kite_hegemony_Interceptor.variant",
	
	"data/variants/kite/kite_luddic_path_Raider.variant",
	"data/variants/kite/kite_luddic_path_Strike.variant",
	"data/variants/kite/kite_pirates_Raider.variant",
	"data/variants/kite/kite_Standard.variant",
	"data/variants/kite/kite_Starting.variant",
	"data/variants/kite/kite_Support.variant",
	
	#mercury shuttle
	"data/hulls/mercury.ship",
	
	"data/variants/mercury/mercury_Attack.variant",
	"data/variants/mercury/mercury_FS.variant",
	"data/variants/mercury/mercury_PD.variant",
	"data/variants/mercury/mercury_Standard.variant",
	
	#gryphon variants
	"data/variants/gryphon/gryphon_DEM.variant",
	"data/variants/gryphon/gryphon_FS.variant",
	"data/variants/gryphon/gryphon_Standard.variant",
	
	#Wolf variants
	"data/variants/wolf/wolf_Assault.variant",
	"data/variants/wolf/wolf_CS.variant",
	"data/variants/wolf/wolf_hegemony_Assault.variant",
	"data/variants/wolf/wolf_hegemony_CS.variant",
	"data/variants/wolf/wolf_hegemony_PD.variant",
	"data/variants/wolf/wolf_Overdriven.variant",
	"data/variants/wolf/wolf_PD.variant",
	"data/variants/wolf/wolf_Starting.variant",
	"data/variants/wolf/wolf_Strike.variant",
	
	"data/variants/wolf/wolf_d_pirates_Attack.variant",
	
	#Cerberus variants
	"data/variants/cerberus/cerberus_d_pirates_Shielded.variant",
	"data/variants/cerberus/cerberus_d_pirates_Standard.variant",
	"data/variants/cerberus/cerberus_d_Standard.variant",
	"data/variants/cerberus/cerberus_Hardened.variant",
	"data/variants/cerberus/cerberus_luddic_path_Attack.variant",
	"data/variants/cerberus/cerberus_Overdriven.variant",
	"data/variants/cerberus/cerberus_Shielded.variant",
	"data/variants/cerberus/cerberus_Standard.variant",
	"data/variants/cerberus/cerberus_Starting.variant",
	
	#Onslaught variants
	"data/variants/dominator/dominator_AntiCV.variant",
	"data/variants/dominator/dominator_Assault.variant",
	"data/variants/dominator/dominator_d_Assault.variant",
	"data/variants/dominator/dominator_Fighter_Support.variant",
	"data/variants/dominator/dominator_Outdated.variant",
	"data/variants/dominator/dominator_Support.variant",
	"data/variants/dominator/dominator_XIV_Elite.variant",
	
	#Vigilace variants
	"data/variants/vigilance_AP.variant",
	"data/variants/vigilance_FS.variant",
	"data/variants/vigilance_Standard.variant",
	"data/variants/vigilance_Starting.variant",
	"data/variants/vigilance_Strike.variant",
	"data/variants/vigilance_Support1.variant",
	"data/variants/vigilance_Support2.variant",
	
	"data/variants/colossus2_Pather.variant",
	"data/variants/colossus3_Pirate.variant",
	
	#Vanguardium
	"data/variants/vanguard/vanguard_Attack.variant",
	"data/variants/vanguard/vanguard_Outdated.variant",
	"data/variants/vanguard/vanguard_Outdated2.variant",
	"data/variants/vanguard/vanguard_pirates_Attack.variant",
	"data/variants/vanguard/vanguard_pirates_Strike.variant",
	"data/variants/vanguard/vanguard_Strike.variant",
	
	#Civie variants
	"data/variants/crig_Standard.variant",
	"data/variants/valkyrie_Elite.variant.variant",
	"data/variants/nebula_Standard.variant",
	"data/variants/hermes_Standard.variant",
	"data/variants/atlas_Standard.variant",
	"data/variants/colossus_Standard.variant",
	"data/variants/tarsus_Standard.variant",
	"data/variants/mudskipper_Standard.variant",
	"data/variants/starliner_Standard.variant",
	"data/variants/ox_Standard.variant",
	
	"data/variants/phantom_Elite.variant",
	"data/variants/revenant_Elite.variant",
	
	"data/variants/dram_Light.variant",
	"data/variants/phaeton_Standard.variant",
	"data/variants/prometheus_Super.variant",
	
	#Buffalo variants
	"data/variants/buffalo/buffalo_hegemony_Standard.variant",
	"data/variants/buffalo/buffalo_luddic_church_Standard.variant",
	"data/variants/buffalo/buffalo_pirates_Standard.variant",
	"data/variants/buffalo/buffalo_Standard.variant",
	"data/variants/buffalo/buffalo_tritachyon_Standard.variant",
	]
}
