{
	"id":"fringe_worlds",
	"name":"Fringe Worlds",
	"author":"Krill",
	"version":"3B-a-c-a",
	"description":"who put this here?",
	"gameVersion":"0.97a-RC11",
	
	"replace": [
	"data/campaign/procgen/condition_gen_data.csv",
	"data/campaign/procgen/location_gen_data.csv",
	"data/campaign/procgen/planet_gen_data.csv",
	"data/campaign/procgen/star_gen_data.csv",
	
	"data/scripts/world/systems/Canaan.java",
	"data/campaign/econ/canaan.json",
	"data/scripts/world/systems/Eos.java",
	"data/campaign/econ/eos.json",
	"data/scripts/world/systems/Penelope.java",
	"data/scripts/world/systems/Magec.java",
	"data/campaign/econ/magec.json",
	"data/scripts/world/systems/AlGebbar.java",
	"data/campaign/econ/algebbar.json",
	"data/scripts/world/systems/Galatia.java",
	"data/scripts/world/systems/Isirah.java",
	"data/campaign/econ/kumarikandam.json",
	"data/campaign/econ/isirah.json",
	"data/campaign/econ/askonia.json",
	],
	
    "modPlugin": "data.scripts.ModPlugin"
}
