{
	"starSystem":"algebbar",
	"markets":[
		{
			"entities":["epiphany"],
			"faction":"luddic_path",
			"size":7,
			"startingConditions":[
				"decivilized_subpop",
				"luddic_majority",
				"population_7",
				"ruins_widespread",
				"farmland_rich",
				"rare_ore_moderate",
				"ore_abundant",
				"tectonic_activity",
				"habitable",
			],
			"industries":[
				"population",
				"megaport",
				"farming",
				"mining",
				"lightindustry",
				"orbitalstation",
				"heavybatteries",
				"militarybase",
			],
		},
	],
}



