{
	"starSystem":"moronia",
	"markets":[
		{
			"entities":["vaanita"],
			"faction":"independent",
			"freePort":true,
			"size":6,
			"startingConditions":[
				"luddic_majority",
				"population_6",
				"ruins_scattered",
				"rare_ore_moderate",
				"volatiles_abundant",
				"organics_common",
				"thin_atmosphere",
			],
			"industries":[
				"population",
				"megaport",
				"mining",
				"lightindustry",
				"fuelprod",
				"heavybatteries",
				"starfortress_high",
				"highcommand",
			],
		},
		],
}



