{
	"starSystem":"syzygy",
	"markets":[
		{
			"entities":["gagner"],
			"faction":"luddic_church",
			"size":5,
			"startingConditions":[
				"luddic_majority",
				"population_5",
				"rare_ore_moderate",
				"ore_moderate",
				"organics_common",
				"thin_atmosphere",
				"inimical_biosphere",
				"habitable",
			],
			"industries":[
				"population",
				"megaport",
				"mining",
				"lightindustry",
				"commerce",
				"battlestation",
				"heavybatteries",
				"patrolhq",
			],
		},
		{
			"entities":["memory", "memoryStation"],
			"faction":"tritachyon",
			"size":5,
			"startingConditions":[
				"ruins_widespread",
				"population_5",
				"ore_moderate",
				"volatiles_diffuse",
				"poor_light",
				"thin_atmosphere",
			],
			"industries":[
				"population",
				"megaport",
				"mining",
				"techmining",
				"fuelprod",
				"battlestation_high",
				"heavybatteries",
				"patrolhq",
			],
		},
		],
}



