{
	"LEAGUE_JOKE":
	[
		"Remember Mairaath",
		"Patherkiller",
		"Silver Horse",
		"Blackened Surface",
		"Golden Towers",
		"Unpredictable Ending",
		"Surprise ATTACK!",
		"Curved Blade",
		"Der Gottenforger",
		"Die Abasbaben",
		"Der Arbarabrer",
		
		#El Huervo track names
		"Rounders",
		"Fumes",
		"Daisuke",
		"Rest",
		"Bones",
		"Crush",
		
		"Shelter",
		"Rebel",
		"Fukurokouji",
		"Dust",
		"FIVE",
		"Awake",
		"Hunger",
		"Fabian",
		"Express",
		"Air",
		
		"Notation",
		"Bizz",
		"FriLejd",
		"Carried",
		#"All About You", #skip this one, casue it sounds weird
		"Envisage",
		"Rust",
		"Irreversible",
		"Vandereer",
		"Cauldron",
		
		"Vagabond",
		"Beginning",
		"Escalator",
		"Lovers",
		"High For Lows", #ditto #or maybe not?
		"Closure",
		"Uncovered",
		"Could",
		"Burn",
		"Hidden",
		"Too late",
		"Whimp",
		"Sedated",
		"Tare",
		
		"Trust",
		"Substance",
		"Safe",
		"Equipped",
		"Almost",
		"Cut",
		"Article",
		"Flight",
		
		"Turf",
		"Ghost",
		
		#haven't listened to these songs. Except the Setup
		#"Innua",
		#"Memory",
		#"Precipice",
		#"214",
		#"Romania",
		#"Tanderum",
		"The Setup",
		#"Fallen",
		#"Mulligan",
		#"Tendrils Brood",
		#"Boy", #Meh, don't want to look weird
	],
	"PIRATES":
	[
		"Dread Knight",
		"Confused Cheese",
		"Dark Underlord",
		"Servant of N'Zoth",
		"Carries Bombs",
		"Mr Sinister",
		"Professional Mooneater",
		"Melon",
		"Surfaced Companion",
		"Blade in Spine",
		"Grinding Teeth",
		"Poetic Destiny",
		"Right Behind You",
		"Of All the Things",
		"Taken for Granite",
		"Out of Order",
		"Out of Service",
		
		"Twisted Spleen",
		"Dark SOUL'D",
		"Welcome to Deathloop!",
		"HUAGH!?",
		"There he is!",
	],
	"DIKTAT":[
		"Moonfall Orion",
		"Paladin of Volturn",
		"Fireslayer",
		"Subvertor of Destiny",
		"True Intent",
		"Honest Godhood",
		"Viva la Revolution",
		"Life Against Death",
		"Unbound Soulstaff",
		
		"Dark Stereo",
		"Enligthened Hound",
		"Wolfeater",
		"Lion of Fate",
	],
	"HEGEMONY":[
		"Lonely Stalker",
		"Bladed Zealot",
		"Lower Templar",
		"Purifying Ray",
		"MF Doom",
		"50 Subnanocredits",
		"Space Gorilla",
		"Deltron",
		"Orange Goblin Mode",
	],
	"LUDDIC_CHURCH":
	[
		"Restoration of Eden",
		"Deaf Angel",
		"Holy Stereo",
		"Monothematic",
		
		"Spacer's Disarrival",
		"7 Seas of Green Smoke",
		"Portrait of Ytara",
		"Vanquisher",
		"Sin Steriliser",
		"Godhand",
		"Monkey King",
		"Staff of Horodra",
		"Arrival of Mezollo",
		"Contaminant",
		"Remember Gemozo",
	],
	"LUDDIC_PATH":
	[
		"Domain's True Echo",
		"Memory Loss",
		"Fear the End",
		"Prophecy of Restoration",
		"Stupidity Arisen",
		"Irony of Fate",
		"Double Edged Blade",
		"Killing Pace",
		"Stampede of Destiny",
		
		"Centaur of North",
		"Lava Golem",
		"Metallo but Reverse",
		"Underman",
		"Captain Dusk",
		"Do Not Fall Under",
		"Tide Breaker",
		"Devilman",
	],
	"BEASTS":
	[
		"Roc",
		"Bigfoot",
		"Chupacabra",
		"Mothman",
		"Godzilla",
		"Grey Alien",
		"Jar Jar Binks",
	],
}
