{
	"starSystem":"abaddon",
	"markets":[
		{
			"entities":["follower"],
			"faction":"persean",
			"freePort":true,
			"size":6,
			"startingConditions":[
				"population_6",
				"ruins_widespread",
				"rare_ore_abundant",
				"ore_abundant",
				"no_atmosphere",
			],
			"industries":[
				"population",
				"megaport",
				"mining",
				"techmining",
				"commerce",
				"battlestation_high",
				"heavybatteries",
				"militarybase",
			],
		},
		{
			"entities":["barbed_wire"],
			"faction":"persean",
			"freePort":true,
			"size":5,
			"startingConditions":[
				"population_5",
				"irradiated",
			],
			"industries":[
				"population",
				"megaport",
				"commerce",
				"refining",
				["orbitalworks", "corrupted_nanoforge"],
				"starfortress",
				"heavybatteries",
				"patrolhq",
			],
		},
	],
}



