{
	"starSystem":"obediah",
	"markets":[
		{
			"entities":["orbinoptic"],
			"faction":"luddic_church",
			"freePort":false,
			"size":5,
			"startingConditions":[
				"population_5",
				"luddic_majority",
				"rare_ore_abundant",
				"ore_abundant",
				"volatiles_trace",
				"organics_common",
				"dense_atmosphere",
				"habitable",
			],
			"industries":[
				"population",
				"megaport",
				"mining",
				"lightindustry",
				"commerce",
				"battlestation",
				"heavybatteries",
				"patrolhq",
			],
		},
		#{
		#	"entities":["death_lord"],
		#	"faction":"independent",
		#	"freePort":true,
		#	"size":5,
		#	"startingConditions":[
		#		"population_5",
		#		"hydroponics",
		#		"volatiles_diffuse",
		#		"organics_abundant",
		#		"dense_atmosphere",
		#		"cold",
		#		"non_dense_giant",
		#	],
		#	"industries":[
		#		"population",
		#		"megaport",
		#		"mining",
		#		"commerce",
		#		"orbitalstation_high",
		#		"heavybatteries",
		#		"militarybase",
		#	],
		#},
	],
}



