{
	"starSystem":"oppenheimer",
	"markets":[
		{
			"entities":["jerma", "star_station"],
			"faction":"hegemony",
			"size":5,
			"startingConditions":[
				"population_5",
				"dense_atmosphere",
				"non_dense_giant",
				"volatiles_diffuse",
				"organics_common",
			],
			"industries":[
				"population",
				"megaport",
				"mining",
				"lightindustry",
				"commerce",
				"battlestation_high",
				"heavybatteries",
				"patrolhq",
			],
		},
		#{
		#	"entities":["false_prophet"],
		#	"faction":"hegemony",
		#	"size":4,
		#	"startingConditions":[
		#		"population_4",
		#		"decivilized_subpop",
		#		"ruins_scattered",
		#		"farmland_poor",
		#		"rare_ore_abundant",
		#		"ore_moderate",
		#		"extreme_weather",
		#		"tectonic_activity",
		#		"low_gravity",
		#	],
		#	"industries":[
		#		"population",
		#		"spaceport",
		#		"waystation",
		#		"techmining",
		#		"heavybatteries",
		#		"militarybase",
		#	],
		#}
	],
}