{
	"starSystem":"tyle",
	"markets":[
		{
			"entities":["cibola"],
			"faction":"persean",
			"size":5,
			"startingConditions":[
				"population_5",
				"farmland_poor",
				"rare_ore_abundant",
				"ore_moderate",
				"tectonic_activity",
				"hot",
				"habitable",
			],
			"industries":[
				"population",
				"megaport",
				"mining",
				"refining",
				"lightindustry",
				"orbitalstation_mid",
				"heavybatteries",
				"patrolhq",
			],
		},
		{
			"entities":["madeira"],
			"faction":"persean",
			"size":5,
			"startingConditions":[
				"population_5",
				"cold",
				"low_gravity",
				"habitable",
				"rare_ore_sparse",
				"volatiles_diffuse",
			],
			"industries":[
				"population",
				"megaport",
				"waystation",
				"mining",
				["fuelprod", "gamma_core"],
				"battlestation",
				"heavybatteries",
				"militarybase",
			],
		},
	],


}



