id,name,cost mult,build time,income,upkeep,downgrade,upgrade,tags,data,image,plugin,desc,order,disruptDanger
population,Population & Infrastructure,,,10,6,,,"population, unraidable, no_saturation_bombardment",,graphics/icons/industry/population.png,com.fs.starfarer.api.impl.campaign.econ.impl.PopulationAndInfrastructure,"The basic infrastructure required to support a given population, from rickety orbital hab-modules to megacities and everything between.",100,
farming,Farming,15,60,,1,,,"farming, industry, rural",,graphics/icons/industry/farming.png,com.fs.starfarer.api.impl.campaign.econ.impl.Farming,"Agriculture is a trade and technology as old as civilization itself; for thousands of cycles Humanity has harnessed the power of natural, modified, and artificial biological machines for sustenance. So it has always been, so it shall be so long as humans are human.",200,LOW
aquaculture,Aquaculture,50,60,,1,,,"farming, industry, rural",,graphics/icons/industry/aquaculture.png,com.fs.starfarer.api.impl.campaign.econ.impl.Farming,"Farming on a water world requires a significant initial investment in bioengineering suitable species, but once the process takes off, algae farms and fisheries can be operated by the population without requiring much in the way of specialized training or equipment.",210,MEDIUM
techmining,Tech-Mining,30,45,10,2,,,"techmining, industry, industrial",,graphics/icons/industry/techmining.png,com.fs.starfarer.api.impl.campaign.econ.impl.TechMining,"Techmining is the motley art of recovering valuable artifacts from Domain ruins. Requires special tools to deal with unique hazards and expert judgement to know where to look for a good haul of baubles. The oldest techminers are a strange lot, clutching luck-charms and refusing to work without their rituals.",400,MEDIUM
refining,Refining,45,90,,8,,,"refining, industry, industrial",,graphics/icons/industry/refining.png,com.fs.starfarer.api.impl.campaign.econ.impl.Refining,"Smelting plants here convert ores and transplutonic ores into metals and transplutonics, respectively. Teleoperated robotics are used to handle the most dangerous tasks, usually.",500,MEDIUM
lightindustry,Light Industry,45,90,,3,,,"lightindustry, industry, rural",,graphics/icons/industry/light_industry.png,com.fs.starfarer.api.impl.campaign.econ.impl.LightIndustry,Produces domestic and luxury goods. One of the few industries relatively unaffected by the Collapse due to its low-tech nature.,1400,MEDIUM
commerce,Commerce,90,90,15,3,,,"industry, urban",,graphics/icons/industry/commerce.png,com.fs.starfarer.api.impl.campaign.econ.impl.TradeCenter,"Regulations, grants, and infrastructure to encourage thriving independent trade. Greatly reduces the degree of direct control the administration has over the colony.",1950,MEDIUM
,,,,,,,,,,,,,,
spaceport,Spaceport,10,15,,1,,megaport,"spaceport, important, structure",,graphics/icons/industry/spaceport.png,com.fs.starfarer.api.impl.campaign.econ.impl.Spaceport,Facilities for loading and unloading cargo and performing basic starship repairs. A colony without a spaceport is virtually inaccessible to interstellar trade.,150,HIGH
,,,,,,,,,,,,,,
planetaryshield,Planetary Shield,150,90,,12,,,"grounddefenses, structure",,graphics/icons/industry/planetary_shield.png,com.fs.starfarer.api.impl.campaign.econ.impl.PlanetaryShield,An envelope of charged plasma seeded with exotic virtual particles producing effects which disrupt the combat effectiveness of long-range bombardment and even incursion by small vessels. The planetary shield can be continually charged and controlled by a central source and presents a formidable obstacle to any form of ground assault.,2700,EXTREME
cryosanctum,Cryosanctum,150,180,30,6,,,"cryosanctum, structure, industry",,graphics/icons/industry/cryosanctum.png,com.fs.starfarer.api.impl.campaign.econ.impl.Cryosanctum,"An enormous tomb-like vault built to store those who choose to risk cryosleep to pass this time of troubles to wake in what will presumably be a more civilized age. The cryopods themselves are insignificant in size compared to the many-times redundant support infrastructure, massive automated security systems and anti-ship batteries, all housed in a branching subsurface fortress-labyrinth.",3000,EXTREME
,,,,,,,,,,,,,,
orbitalstation,Orbital Station - Low Tech,50,90,,4,,battlestation,"station, sub_item, unraidable, structure","{
radius:55,
variant:station1_Standard,
fleetName:Orbital Station,
}",graphics/icons/industry/orbital_station.png,com.fs.starfarer.api.impl.campaign.econ.impl.OrbitalStation,"A low-tech space station, featuring heavy armor and medium firepower.

Must be reduced before a bombardment can be attempted.",2010,
battlestation,Battlestation - Low Tech,100,120,,8,orbitalstation,starfortress,"station, battlestation, unraidable, structure","{
radius:65,
variant:station2_Standard,
fleetName:Battlestation,
}",graphics/icons/industry/battlestation.png,com.fs.starfarer.api.impl.campaign.econ.impl.OrbitalStation,"A space station, augmented with a heavy bastion and point-defense citadels.

Must be reduced before a bombardment can be attempted.",2020,
starfortress,Star Fortress - Low Tech,200,180,,16,battlestation,,"station, starfortress, unraidable, structure","{
radius:70,
variant:station3_Standard,
fleetName:Star Fortress
}",graphics/icons/industry/battlestation.png,com.fs.starfarer.api.impl.campaign.econ.impl.OrbitalStation,"An up-armored battlestation, featuring Merlon-class defense drones and an extensive minefield.

Must be reduced before a bombardment can be attempted.",2030,
orbitalstation_mid,Orbital Station - Midline,50,90,,4,,battlestation_mid,"station, sub_item, unraidable, structure","{
radius:55,
variant:station1_midline_Standard,
fleetName:Orbital Station,
}",graphics/icons/industry/orbital_station.png,com.fs.starfarer.api.impl.campaign.econ.impl.OrbitalStation,"A midline space station, featuring heavy firepower on one side and rapid axial rotation.

Must be reduced before a bombardment can be attempted.",2040,
battlestation_mid,Battlestation - Midline,100,120,,8,orbitalstation_mid,starfortress_mid,"station, battlestation, unraidable, structure","{
radius:65,
variant:station2_midline_Standard,
fleetName:Battlestation,
}",graphics/icons/industry/battlestation.png,com.fs.starfarer.api.impl.campaign.econ.impl.OrbitalStation,"A space station, augmented with missile support modules.

Must be reduced before a bombardment can be attempted.",2050,
starfortress_mid,Star Fortress - Midline,200,180,,16,battlestation_mid,,"station, starfortress, unraidable, structure","{
radius:70,
variant:station3_midline_Standard,
fleetName:Star Fortress
}",graphics/icons/industry/battlestation.png,com.fs.starfarer.api.impl.campaign.econ.impl.OrbitalStation,"An up-armored battlestation, featuring Ravelin-class defense drones and an extensive minefield.

Must be reduced before a bombardment can be attempted.",2060,
orbitalstation_high,Orbital Station - High Tech,50,90,,4,,battlestation_high,"station, sub_item, unraidable, structure","{
radius:55,
variant:station1_hightech_Standard,
fleetName:Orbital Station,
}",graphics/icons/industry/orbital_station.png,com.fs.starfarer.api.impl.campaign.econ.impl.OrbitalStation,"A high-tech space station, featuring heavy rotating shields, a fighter complement, and medium firepower.

Must be reduced before a bombardment can be attempted.",2070,
battlestation_high,Battlestation - High Tech,100,120,,8,orbitalstation_high,starfortress_high,"station, battlestation, unraidable, structure","{
radius:65,
variant:station2_hightech_Standard,
fleetName:Battlestation,
}",graphics/icons/industry/battlestation.png,com.fs.starfarer.api.impl.campaign.econ.impl.OrbitalStation,"A space station, augmented with a defensive citadel featuring heavy firepower.

Must be reduced before a bombardment can be attempted.",2080,
starfortress_high,Star Fortress - High Tech,200,180,,16,battlestation_high,,"station, starfortress, unraidable, structure","{
radius:70,
variant:station3_hightech_Standard,
fleetName:Star Fortress
}",graphics/icons/industry/battlestation.png,com.fs.starfarer.api.impl.campaign.econ.impl.OrbitalStation,"An up-armored battlestation, featuring Gargoyle-class defense drones and long-range targeted mine teleporters.

Must be reduced before a bombardment can be attempted.",2090,
,,,,,,,,,,,,,,
waystation,Waystation,20,60,,4,,,"waystation, structure",,graphics/icons/industry/waystation.png,com.fs.starfarer.api.impl.campaign.econ.impl.Waystation,A supply and maintenance depot for interstellar fleets. Increases a colony's accessibility.,155,MEDIUM
,,,,,,,,,,,,,,
patrolhq,Patrol HQ,60,60,,3.5,,militarybase,"patrol, unraidable, tactical_bombardment, structure",,graphics/icons/industry/patrol_hq.png,com.fs.starfarer.api.impl.campaign.econ.impl.MilitaryBase,"The requisite hangars, maintenance bays, command/control center, barracks, and logistics operations required to project force throughout a star system. Once established, militarized patrols will hunt pirates and protect friendly convoys.",2400,
militarybase,Military Base,90,120,,7,patrolhq,highcommand,"military, unraidable, tactical_bombardment, industry",,graphics/icons/industry/military_base.png,com.fs.starfarer.api.impl.campaign.econ.impl.MilitaryBase,"These facilities enable force projection between star systems. Any such military undertaking is a massive logistical operation requiring coordination of dozens, perhaps hundreds of star ships and thousands of officers, crew, and soldiers.",2500,
highcommand,High Command,30,120,,14,militarybase,,"command, unraidable, tactical_bombardment, industry",,graphics/icons/industry/high_command.png,com.fs.starfarer.api.impl.campaign.econ.impl.MilitaryBase,Transtellar empire is possible only through an exceptional corps of officers and bureaucrats given authority over the resources of entire star systems. An established high command allows military operations to be organized and executed across the Sector.,2600,
lionsguard,Lion's Guard HQ,90,60,,14,,,"military, unraidable, tactical_bombardment",,graphics/icons/industry/lions_guard.png,com.fs.starfarer.api.impl.campaign.econ.impl.LionsGuardHQ,"Headquarters of the feared personal guard of Phillip ""The Lion of Sindria"" Andrada. Boasting superb training and access to the best equipment credits can buy, the fanatical loyalty of the Guard is maintained through a system of perks and incentives that both elevate and isolate the Guard from the Diktat's regular military.",2650,
,,,,,,,,,,,,,,
grounddefenses,Ground Defenses,30,60,,2,,heavybatteries,"grounddefenses, unraidable, tactical_bombardment, structure",,graphics/icons/industry/ground_defenses.png,com.fs.starfarer.api.impl.campaign.econ.impl.GroundDefenses,"A dispersed, semi-autonomous network of small, hidden weapon installations which makes the prospect of a direct ground assault and even simple raids extremely costly to the attacker. Only overwhelming orbital bombardment or massively disproportionate active screening can suppress these defenses.  ",2200,
heavybatteries,Heavy Batteries,60,90,,5,grounddefenses,,"grounddefenses, unraidable, tactical_bombardment, structure",,graphics/icons/industry/heavy_batteries.png,com.fs.starfarer.api.impl.campaign.econ.impl.GroundDefenses,"Armoured subsurface batteries supplement a dispersed network of small, hidden weapon installations. Ground-based batteries are capable of truly awesome firepower, though it only manifests by making ground operations more difficult, as no starship captain would be foolish enough to get within their firing envelopes.",2300,