{
	"star_yellow":{
		"name":"Yellow Star",
		"tilt":4,
		"pitch":2,
		"rotation":-12,
		"planetColor":[250,200,95,255],
		"atmosphereThickness":0.2,
		"atmosphereThicknessMin":10,
		"atmosphereColor":[207,178,113,255],
		"texture":"graphics/planets/star_texture_yellow.jpg",
		"icon":"graphics/warroom/icon_star.png",
		"iconColor":[250,200,95,255],
		"starCoronaSprite":"graphics/fx/star_halo.png",
		"starCoronaColor":[250,200,95,155],
		"isStar":true,
		"lightPosition":[0,0,10],
		"cloudTexture":"graphics/planets/clouds_terran01.png",
		"cloudColor":[250,200,95,200],
		"cloudRotation":-7,
	},
	"star_green":{
		"name":"Green Star",
		"tilt":5,
		"pitch":3,
		"rotation":-10,
		"planetColor":[70,122,76,255],
		"atmosphereThickness":0.2,
		"atmosphereThicknessMin":10,
		"atmosphereColor":[183,250,191,255],
		"texture":"graphics/planets/venus.jpg",
		"icon":"graphics/warroom/icon_star.png",
		"iconColor":[70,122,76,255],
		"starCoronaSprite":"graphics/fx/star_halo.png",
		"starCoronaColor":[183,250,191,255],
		"isStar":true,
		"lightPosition":[0,0,10],
		"cloudTexture":"graphics/planets/clouds_banded01.png",
		"cloudColor":[183,250,191,200],
		"cloudRotation":-6,
	},
	"star_red_giant":{
		"name":"Red Giant",
		"tilt":-2,
		"pitch":5,
		"rotation":-6,
		"planetColor":[202,71,56,255],
		"atmosphereThickness":0.2,
		"atmosphereThicknessMin":10,
		"atmosphereColor":[202,71,56,255],
		"texture":"graphics/planets/star_red2.jpg",
		"icon":"graphics/warroom/icon_star.png",
		"iconColor":[202,71,56,255],
		"isStar":true,
		"lightPosition":[0,0,8],
		"starCoronaSprite":"graphics/fx/star_halo.png",
		"starCoronaColor":[202,71,56,100],
		"starCoronaSizeMult":5.12,
		"cloudTexture":"graphics/planets/clouds_terran03.png",
		"cloudColor":[202,71,56,200],
		"cloudRotation":-7,
	},
	"star_red_supergiant":{
		"name":"Red Supergiant",
		"tilt":-2,
		"pitch":5,
		"rotation":-6,
		"planetColor":[202,71,56,255],
		"atmosphereThickness":0.2,
		"atmosphereThicknessMin":10,
		"atmosphereColor":[202,71,56,255],
		"texture":"graphics/planets/star_red2.jpg",
		"icon":"graphics/warroom/icon_star.png",
		"iconColor":[202,71,56,255],
		"isStar":true,
		"lightPosition":[0,0,8],
		"starCoronaSprite":"graphics/fx/star_halo.png",
		"starCoronaColor":[202,71,56,100],
		"starCoronaSizeMult":5.12,
		"cloudTexture":"graphics/planets/clouds_terran03.png",
		"cloudColor":[202,71,56,200],
		"cloudRotation":-7,
	},
	"star_orange":{
		"name":"Orange Star",
		"aOrAn":"an",
		"tilt":2,
		"pitch":-22,
		"rotation":-6,
		"planetColor":[245,159,159,255],
		"atmosphereThickness":0.1,
		"atmosphereThicknessMin":10,
		"atmosphereColor":[245,159,159,255],
		"texture":"graphics/planets/star_orange.jpg",
		"icon":"graphics/warroom/icon_star.png",
		"iconColor":[245,159,159,255],
		"starCoronaSprite":"graphics/fx/star_halo.png",
		"starCoronaColor":[245,159,159,100], #235, 159, 245 <-> 207, 159, 245
		"starCoronaSizeMult":5.12,
		"isStar":true,
		"lightPosition":[0,0,10],
		"cloudTexture":"graphics/planets/clouds_terran01.png",
		"cloudColor":[255,255,255,100],
		"cloudRotation":-3,
	},
	"star_orange_giant":{
		"name":"Orange Giant",
		"aOrAn":"an",
		"tilt":2,
		"pitch":-11,
		"rotation":-6,
		"planetColor":[245,159,159,255],
		"atmosphereThickness":0.1,
		"atmosphereThicknessMin":10,
		"atmosphereColor":[245,159,159,255],
		"texture":"graphics/planets/star_orange.jpg",
		"icon":"graphics/warroom/icon_star.png",
		"iconColor":[245,159,159,255],
		"starCoronaSprite":"graphics/fx/star_halo.png",
		"starCoronaColor":[245,159,159,100], #235, 159, 245 <-> 207, 159, 245
		"starCoronaSizeMult":5.12,
		"isStar":true,
		"lightPosition":[0,0,10],
		"cloudTexture":"graphics/planets/clouds_terran01.png",
		"cloudColor":[255,255,255,100],
		"cloudRotation":-10,
	},
	"star_blue_giant":{
		"name":"Blue Giant",
		"tilt":4,
		"pitch":-16,
		"rotation":30.5,
		"planetColor":[42,93,115,255],
		"atmosphereThickness":0.2,
		"atmosphereThicknessMin":10,
		"atmosphereColor":[225,237,242,255],
		"texture":"graphics/planets/star_blue.jpg",
		"icon":"graphics/warroom/icon_star.png",
		"iconColor":[127,190,255,255],
		"starCoronaSprite":"graphics/fx/star_halo.png",
		"starCoronaColor":[225,237,242,100],
		"starCoronaSizeMult":5.12,
		"isStar":true,
		"lightPosition":[0,0,10],
		"cloudTexture":"graphics/planets/clouds_banded01.png",
		"cloudColor":[225,237,242,255],
		"cloudRotation":33,
	},
	"star_blue_supergiant":{
		"name":"Blue Supergiant",
		"tilt":4,
		"pitch":-16,
		"rotation":30.5,
		"planetColor":[42,93,115,255],
		"atmosphereThickness":0.2,
		"atmosphereThicknessMin":10,
		"atmosphereColor":[225,237,242,255],
		"texture":"graphics/planets/star_blue.jpg",
		"icon":"graphics/warroom/icon_star.png",
		"iconColor":[127,190,255,255],
		"starCoronaSprite":"graphics/fx/star_halo.png",
		"starCoronaColor":[225,237,242,100],
		"starCoronaSizeMult":5.12,
		"isStar":true,
		"lightPosition":[0,0,10],
		"cloudTexture":"graphics/planets/clouds_banded01.png",
		"cloudColor":[225,237,242,255],
		"cloudRotation":66,
	},
	"star_purple_giant":{
		"name":"Purple Giant",
		"tilt":8,
		"pitch":-32,
		"rotation":61,
		"planetColor":[125,122,170,255],
		"atmosphereThickness":0.2,
		"atmosphereThicknessMin":10,
		"atmosphereColor":[195,191,255,255],
		"texture":"graphics/planets/venus.jpg",
		"icon":"graphics/warroom/icon_star.png",
		"iconColor":[125,122,170,255],
		"starCoronaSprite":"graphics/fx/star_halo.png",
		"starCoronaColor":[195,191,255,100],
		"starCoronaSizeMult":5.12,
		"isStar":true,
		"lightPosition":[0,0,10],
		"cloudTexture":"graphics/planets/clouds_terran01.png",
		"cloudColor":[195,191,255,255],
		"cloudRotation":66,
	},
	"star_purple_supergiant":{
		"name":"Purple Supergiant",
		"tilt":8,
		"pitch":-32,
		"rotation":61,
		"planetColor":[125,122,170,255],
		"atmosphereThickness":0.2,
		"atmosphereThicknessMin":10,
		"atmosphereColor":[195,191,255,255],
		"texture":"graphics/planets/venus.jpg",
		"icon":"graphics/warroom/icon_star.png",
		"iconColor":[125,122,170,255],
		"starCoronaSprite":"graphics/fx/star_halo.png",
		"starCoronaColor":[195,191,255,100],
		"starCoronaSizeMult":5.12,
		"isStar":true,
		"lightPosition":[0,0,10],
		"cloudTexture":"graphics/planets/clouds_terran01.png",
		"cloudColor":[195,191,255,255],
		"cloudRotation":66,
	},
	"star_red_dwarf":{
		"name":"Red Dwarf",
		"tilt":-10,
		"pitch":0,
		"rotation":8,
		"planetColor":[250,0,150,255],
		"atmosphereThickness":0.2,
		"atmosphereThicknessMin":10,
		"atmosphereColor":[250,87,0,255],
		"texture":"graphics/planets/star_red2.jpg",
		"icon":"graphics/warroom/icon_star.png",
		"iconColor":[250,87,0,255],
		"starCoronaSprite":"graphics/fx/star_halo.png",
		"starCoronaColor":[250,87,0,100],
		"starCoronaSizeMult":5.12,
		"isStar":true,
		"lightPosition":[0,0,8],
		"cloudTexture":"graphics/planets/clouds_terran03.png",
		"cloudColor":[250,87,0,100],
		"cloudRotation":11,
	},
	"star_neutron":{
		"name":"Neutron Star",
		"tilt":22,
		"pitch":44,
		"rotation":2880,
		"planetColor":[252,171,255,255],
		"atmosphereThickness":0.5,
		"atmosphereThicknessMin":10,
		"atmosphereColor":[252,171,255,255],
		"texture":"graphics/planets/star_white.jpg",
		"icon":"graphics/warroom/icon_star.png",
		"iconColor":[252,171,255,255],
		"starCoronaSprite":"graphics/fx/star_halo.png",
		"starCoronaColor":[252,171,255,100],
		"starCoronaSizeMult":5.12,
		"isStar":true,
		"isPulsar":true,
		"lightPosition":[0,0,10],
		"cloudTexture":"graphics/planets/clouds_terran02.png",
		"cloudColor":[252,171,255,255],
		"cloudRotation":270,
	},
	"star_white":{
		"name":"White Dwarf",
		"tilt":0,
		"pitch":0,
		"rotation":-8,
		"planetColor":[220,202,250,255],
		"atmosphereThickness":0.25,
		"atmosphereThicknessMin":10,
		"atmosphereColor":[202,246,250,255],
		"texture":"graphics/planets/star_white.jpg",
		"icon":"graphics/warroom/icon_star.png",
		"iconColor":[202,246,250,255],
		"starCoronaSprite":"graphics/fx/star_halo.png",
		"starCoronaColor":[202,246,250,100],
		"starCoronaSizeMult":5.12,
		"isStar":true,
		"lightPosition":[0,0,10],
		"cloudTexture":"graphics/planets/clouds_terran03.png",
		"cloudColor":[204,202,250,255],
		"cloudRotation":-7,
	},
	"irradiated":{
		"name":"Irradiated",
		"aOrAn":"an",
		"tilt":12,
		"pitch":-5,
		"rotation":-6,
		"planetColor":[88,117,99,255],
		"atmosphereThickness":0.2,
		"atmosphereThicknessMin":20,
		"atmosphereColor":[244,214,244,100],
		#"texture":"graphics/planets/Irradiated - Vorrak.jpg",
		"icon":"graphics/warroom/icon_planet.png",
		"iconColor":[200,160,240,255],
		"isStar":false,
		"lightPosition":[0,0,50],
		"cloudTexture":"graphics/planets/clouds_banded01.png",
		"cloudColor":[88,117,99,255],
		"cloudRotation":-4,
	},
	"lava":{
		"name":"Volcanic",
		"tilt":-1,
		"pitch":-2,
		"rotation":0.5,
		"planetColor":[143,222,140,255],
		"atmosphereThickness":0.2,
		"atmosphereThicknessMin":50,
		"atmosphereColor":[140,222,194,155],
		"texture":"graphics/planets/Magma - The Devil's Eye.jpg",
		"icon":"graphics/warroom/icon_planet.png",
		"iconColor":[215,115,55,255],
		"isStar":false,
		"lightPosition":[0,0,50],
		"glowTexture":"graphics/planets/Magma - The Devil's Eye (Glow).png",
		"glowColor":[140,222,194,255],
		"useReverseLightForGlow":false,
		"doNotShowInCombat":false,
		"cloudTexture":"graphics/planets/clouds_terran03.png",
		"cloudColor":[0,0,0,255],
		"cloudRotation":0.6,
	},
	"lava1":{
		"name":"Volcanic",
		"tilt":-1,
		"pitch":-2,
		"rotation":0.5,
		"planetColor":[143,222,140,255],
		"atmosphereThickness":0.2,
		"atmosphereThicknessMin":50,
		"atmosphereColor":[140,222,194,155],
		"texture":"graphics/planets/Magma 2 - Ignis Primordia.jpg",
		"icon":"graphics/warroom/icon_planet.png",
		"iconColor":[215,115,55,255],
		"isStar":false,
		"lightPosition":[0,0,50],
		"glowTexture":"graphics/planets/Magma 2 - Ignis Primordia (Glow).png",
		"glowColor":[140,222,194,255],
		"useReverseLightForGlow":false,
		"doNotShowInCombat":false,
		"cloudTexture":"graphics/planets/clouds_terran03.png",
		"cloudColor":[0,0,0,255],
		"cloudRotation":0.6,
	},
	"lava2":{
		"name":"Volcanic",
		"tilt":-1,
		"pitch":-2,
		"rotation":0.5,
		"planetColor":[143,222,140,255],
		"atmosphereThickness":0.2,
		"atmosphereThicknessMin":50,
		"atmosphereColor":[140,222,194,155],
		"texture":"graphics/planets/Magma 3 - Abyssion.jpg",
		"icon":"graphics/warroom/icon_planet.png",
		"iconColor":[215,115,55,255],
		"isStar":false,
		"lightPosition":[0,0,50],
		"glowTexture":"graphics/planets/Magma 3 - Abyssion (Glow).png",
		"glowColor":[140,222,194,255],
		"useReverseLightForGlow":false,
		"doNotShowInCombat":false,
		"cloudTexture":"graphics/planets/clouds_terran03.png",
		"cloudColor":[0,0,0,255],
		"cloudRotation":0.6,
	},
	"lava3":{
		"name":"Volcanic",
		"tilt":-1,
		"pitch":-2,
		"rotation":0.5,
		"planetColor":[143,222,140,255],
		"atmosphereThickness":0.2,
		"atmosphereThicknessMin":50,
		"atmosphereColor":[140,222,194,155],
		"texture":"graphics/planets/Magma 4 - Malebris.jpg",
		"icon":"graphics/warroom/icon_planet.png",
		"iconColor":[215,115,55,255],
		"isStar":false,
		"lightPosition":[0,0,50],
		"glowTexture":"graphics/planets/Magma 4 - Malebris (Glow).png",
		"glowColor":[140,222,194,255],
		"useReverseLightForGlow":false,
		"doNotShowInCombat":false,
		"cloudTexture":"graphics/planets/clouds_terran03.png",
		"cloudColor":[0,0,0,255],
		"cloudRotation":0.6,
	},
	"lava4":{
		"name":"Volcanic",
		"tilt":-1,
		"pitch":-2,
		"rotation":0.5,
		"planetColor":[143,222,140,255],
		"atmosphereThickness":0.2,
		"atmosphereThicknessMin":50,
		"atmosphereColor":[140,222,194,155],
		"texture":"graphics/planets/Magma 5 - Charon's Forge.jpg",
		"icon":"graphics/warroom/icon_planet.png",
		"iconColor":[215,115,55,255],
		"isStar":false,
		"lightPosition":[0,0,50],
		"glowTexture":"graphics/planets/Magma 5 - Charon's Forge (Glow).png",
		"glowColor":[140,222,194,255],
		"useReverseLightForGlow":false,
		"doNotShowInCombat":false,
		"cloudTexture":"graphics/planets/clouds_terran03.png",
		"cloudColor":[0,0,0,255],
		"cloudRotation":0.6,
	},
	"lava_minor":{
		"name":"Volcanic",
		"tilt":-17.4,
		"pitch":6,
		"rotation":5,
		"planetColor":[98,124,158,255],
		"atmosphereThickness":0.2,
		"atmosphereThicknessMin":50,
		"atmosphereColor":[82,187,222,155],
		#"texture":"graphics/planets/Barren - Ferridune.jpg",
		"icon":"graphics/warroom/icon_planet.png",
		"iconColor":[215,115,55,255],
		"isStar":false,
		"lightPosition":[0,0,50],
		"cloudTexture":"graphics/planets/clouds_terran03.png",
		"cloudColor":[82,87,94,255],
		"cloudRotation":3,
		"glowTexture":"graphics/planets/lava_minor_glow.png",
		"glowColor":[82,143,222,255],
	},	
	"black_hole":{
		"name":"Black Hole",
		"tilt":-45,
		"pitch":-90,
		"rotation":2,
		"planetColor":[0,0,0,200],
		"atmosphereThickness":1,
		"atmosphereThicknessMin":0,
		"atmosphereColor":[250,176,67,255],
		"texture":"graphics/planets/star_white.jpg",
		"icon":"graphics/icons/blackhole.png",
		"starscapeIcon":"graphics/starscape/blackhole.png",
		"iconColor":[250,113,67,255],
		"starCoronaSprite":"graphics/fx/star_halo.png",
		"starCoronaColor":[250,113,67,255],
		"starCoronaSizeMult":5.12,
		"isStar":true,
		"isBlackHole":true,
		"scaleMultMapIcon":2.5,
		"scaleMultStarscapeIcon":2.5,
		"lightPosition":[0,0,10],
	},
	"water_giant":{
		"name":"Water Giant",
		"tilt":20,
		"pitch":2,
		"rotation":-10,
		"planetColor":[57,100,170,255],
		"atmosphereThickness":0.2,
		"atmosphereThicknessMin":62,
		"atmosphereColor":[12,255,245,200],
		"texture":"graphics/planets/volturn.jpg",
		"icon":"graphics/warroom/icon_planet.png",
		"iconColor":[12,255,245,255],
		"isStar":false,
		"isGasGiant":true,
		"lightPosition":[0,0,10], # in planet radii.  Not used for stars.  z > 0 is above the playing field.
		#"cloudTexture":"graphics/planets/clouds_terran01.png", # omit for no cloud layer
		#"cloudColor":[13,110,255,255],
		#"cloudRotation":-6, # degrees/second, optional
	},
	"fire_giant":{
		"name":"Fire Giant",
		"tilt":-10,
		"pitch":-15,
		"rotation":-13,
		"planetColor":[117,0,98,255],
		"atmosphereThickness":0.2,
		"atmosphereThicknessMin":62,
		"atmosphereColor":[202,67,180,255],
		"texture":"graphics/planets/gas_giant.jpg",
		"icon":"graphics/warroom/icon_planet.png",
		"iconColor":[202,67,180,255],
		"isStar":false,
		"isGasGiant":true,
		"lightPosition":[5,-2,3],
		"cloudTexture":"graphics/planets/clouds_banded01.png",
		#"cloudColor":[202,67,180,50],
		"cloudColor":[0,0,0,255],
		"cloudRotation":-15,
	},
	"water":{
		"name":"Ocean",
		"aOrAn":"an",
		"tilt":12,
		"pitch":5,
		"rotation":-15,
		"planetColor":[0,110,161,255],
		"atmosphereThickness":0.2,
		"atmosphereThicknessMin":62,
		"atmosphereColor":[0,110,161,130],
		"texture":"graphics/planets/volturn.jpg",
		"icon":"graphics/warroom/icon_planet.png",
		"iconColor":[45,98,174,255],
		"isStar":false,
		"lightPosition":[-10,-10,1],
		"cloudTexture":"graphics/planets/clouds_banded01.png",
		"cloudColor":[255,255,255,255],
		"cloudRotation":-10,
	},
	"desert":{
		"name":"Desert",
		"tilt":8,
		"pitch":2,
		"rotation":-5,
		"planetColor":[255,255,255,255],
		"atmosphereThickness":0.2,
		"atmosphereThicknessMin":10,
		"atmosphereColor":[255,255,255,200],
		#"texture":"graphics/planets/Desert - Ice Cream Sundae.jpg",
		"icon":"graphics/warroom/icon_planet.png",
		"iconColor":[200,170,145,255],
		"isStar":false,
		"lightPosition":[-2,2,7],
		"cloudTexture":"graphics/planets/clouds_desert01.png",
		"cloudColor":[255,255,255,255],
		"cloudRotation":-3,
	},	
	"desert1":{
		"name":"Desert",
		"tilt":8,
		"pitch":2,
		"rotation":-5,
		"planetColor":[255,255,255,255],
		"atmosphereThickness":0.2,
		"atmosphereThicknessMin":10,
		"atmosphereColor":[255,255,255,200],
		#"texture":"graphics/planets/Desert - Xylaris's Demise.jpg",
		"icon":"graphics/warroom/icon_planet.png",
		"iconColor":[200,170,145,255],
		"isStar":false,
		"lightPosition":[-2,2,7],
		"cloudTexture":"graphics/planets/clouds_desert01.png",
		"cloudColor":[255,255,255,255],
		"cloudRotation":-3,
	},	
	"desert_cold":{
		"name":"Desert",
		"tilt":8,
		"pitch":2,
		"rotation":-5,
		"planetColor":[255,255,255,255],
		"atmosphereThickness":0.2,
		"atmosphereThicknessMin":10,
		"atmosphereColor":[255,255,255,200],
		"texture":"graphics/planets/Eccentric - Melted Metal.jpg",
		"icon":"graphics/warroom/icon_planet.png",
		"iconColor":[200,170,145,255],
		"isStar":false,
		"lightPosition":[-10,-10,1],
		"cloudTexture":"graphics/planets/clouds_banded01.png",
		"cloudColor":[255,255,255,255],
		"cloudRotation":-3,
	},

	"star_browndwarf":{
		"name":"Brown Dwarf",
		"tilt":-1,
		"pitch":-20,
		"rotation":-18,
		"planetColor":[54,35,36,255],
		"atmosphereThickness":0.2,
		"atmosphereThicknessMin":62,
		"atmosphereColor":[181,29,35,255],
		"texture":"graphics/planets/brown_dwarf.jpg",
		"icon":"graphics/warroom/icon_star.png",
		"iconColor":[181,29,35,255],
		"starCoronaSprite":"graphics/fx/star_halo.png",
		"starCoronaColor":[181,29,35,155],
		"starCoronaSizeMult":5.12,
		"isStar":true,
		"lightPosition":[0,0,10],
		"cloudTexture":"graphics/planets/clouds_terran01.png",
		"cloudColor":[181,29,35,50],
		"cloudRotation":-20,
	},
	"toxic_cold":{
		"name":"Cloud",
		"tilt":2,
		"pitch":4,
		"rotation":-6,
		"planetColor":[217,206,108,255],
		"atmosphereThickness":0.2,
		"atmosphereThicknessMin":10,
		"atmosphereColor":[54,164,255,255],
		"texture":"graphics/planets/venus.jpg",
		"icon":"graphics/warroom/icon_planet.png",
		"iconColor":[255,235,100,255],
		"isStar":false,
		"lightPosition":[-10,-10,1],
		"cloudTexture":"graphics/planets/clouds_terran03.png",
		"cloudColor":[132,127,110,20],
		"cloudRotation":-8,
	},
	"toxic":{
		"name":"Cloud",	
		"tilt":1,
		"pitch":-3,
		"rotation":-4,
		"planetColor":[255,255,255,255],
		"atmosphereThickness":0.2,
		"atmosphereThicknessMin":10,
		"atmosphereColor":[255,255,255,255],
		"texture":"graphics/planets/venus.jpg",
		"icon":"graphics/warroom/icon_planet.png",
		"iconColor":[255,235,100,255],
		"isStar":false,
		"lightPosition":[-10,-10,1],
		"cloudTexture":"graphics/planets/clouds_terran01.png",
		"cloudColor":[255,255,255,100],
		"cloudRotation":-6,
		
	},
	"terran":{
		"name":"Terran", #Gilead
		"tilt":20,
		"pitch":30,
		"rotation":-6,
		"planetColor":[255,255,255,255],
		"atmosphereThickness":0.2,
		"atmosphereThicknessMin":10,
		"atmosphereColor":[173,243,255,255],
		"texture":"graphics/planets/terran.jpg",
		"icon":"graphics/warroom/icon_planet.png",
		"iconColor":[155,185,255,255],
		"isStar":false,
		"lightPosition":[4,-1,8],
		"cloudTexture":"graphics/planets/clouds_banded01.png",
		"cloudColor":[255,255,255,255],
		"cloudRotation":-5,
	},
	"arid":{
		"name":"Arid",
		"aOrAn":"an",
		"tilt":20,
		"pitch":30,
		"rotation":-6,
		"planetColor":[255,255,255,255],
		"atmosphereThickness":0.2,
		"atmosphereThicknessMin":10,
		"atmosphereColor":[173,243,255,255],
		#"texture":"graphics/planets/Terran - Slate.jpg",
		"icon":"graphics/warroom/icon_planet.png",
		"iconColor":[200,170,145,255],
		"isStar":false,
		"lightPosition":[4,-1,8],
		"cloudTexture":"graphics/planets/clouds_banded01.png",
		"cloudColor":[255,255,255,255],
		"cloudRotation":-5,
	},
	"tundra":{
		"name":"Tundra",
		"tilt":20,
		"pitch":30,
		"rotation":-6,
		"planetColor":[255,255,255,255],
		"atmosphereThickness":0.2,
		"atmosphereThicknessMin":10,
		"atmosphereColor":[173,243,255,255],
		#"texture":"graphics/planets/Tundra - Gem Encrusted.jpg",
		"icon":"graphics/warroom/icon_planet.png",
		"iconColor":[130,190,200,255],
		"isStar":false,
		"lightPosition":[4,-1,8],
		"cloudTexture":"graphics/planets/clouds_banded01.png",
		"cloudColor":[255,255,255,255],
		"cloudRotation":-5,
	},
	"rocky_unstable":{ #Cruor
		"name":"Rocky Unstable",
		"tilt":0,
		"pitch":0,
		"rotation":-3,
		"planetColor":[192,179,143,255],
		"atmosphereThickness":0.2,
		"atmosphereThicknessMin":10,
		"atmosphereColor":[103,77,107,155],
		#"texture":"graphics/planets/Barren - Tremonix.jpg",
		"icon":"graphics/warroom/icon_planet.png",
		"iconColor":[134,111,79,255],
		"isStar":false,
		"lightPosition":[-7,1,10],
		"cloudTexture":"graphics/planets/clouds_banded01.png",
		"cloudColor":[150,145,133,155],
		"cloudRotation":-5,
	},
	"rocky_metallic":{
		"name":"Rocky Metallic",
		"tilt":45,
		"pitch":7,
		"rotation":-1,
		"planetColor":[90,112,250,255],
		"atmosphereThickness":0.2,
		"atmosphereThicknessMin":10,
		"atmosphereColor":[165,153,114,100],
		#"texture":"graphics/planets/Barren - Moltraxis.jpg",
		"icon":"graphics/warroom/icon_planet.png",
		"iconColor":[100,100,75,255],
		"isStar":false,
		"lightPosition":[-10,0,7],
	},
}