{
	"starSystem":"arcadia",
	"markets":[
		{
			"entities":["nomios"],
			"faction":"independent",
			"size":7,
			"startingConditions":[
				"population_7",
				"thin_atmosphere",
				"volatiles_trace",
			],
			"industries":[
				"population",
				"megaport",
				"lightindustry",
				"commerce",
				"battlestation_high",
				"heavybatteries",
				"militarybase",
				"cryosanctum",
			],
		},
		{
			"entities":["arcadia_station"],
			"faction":"hegemony",
			"size":4,
			"startingConditions":[
				"irradiated",
				"volatiles_abundant",
				"rare_ore_rich",
				"ore_moderate",
				"population_4",
			],
			"industries":[
				"population",
				"spaceport",
				"mining",
				"orbitalstation",
				"militarybase",
			],
		},
		{
			"entities":["agreus"],
			"faction":"independent",
			"size":4,
			"startingConditions":[
				"ruins_scattered",
				"population_4",
				"rare_ore_abundant",
				"ore_moderate",
				"volatiles_diffuse",
				"organics_common",
				"no_atmosphere",
				"high_gravity",
				"underground_arcology",
			],
			"industries":[
				"population",
				"spaceport",
				"mining",
				"techmining",
				"orbitalstation",
				"grounddefenses",
				"patrolhq",
			],
		},
	],


}



