{
	"starSystem":"no_bono",
	"markets":[
		{
			"entities":["planet_null"],
			"faction":"persean",
			"size":4,
			"startingConditions":[
				"population_4",
				"farmland_poor",
				"rare_ore_rich",
				"ore_rich",
				"extreme_weather",
				"extreme_tectonic_activity",
				"habitable",
				"underground_arcology",
			],
			"industries":[
				"population",
				"spaceport",
				"farming",
				"mining",
				"grounddefenses",
				"patrolhq",
			],
		},
		{
			"entities":["fameless"],
			"faction":"sindrian_diktat",
			"freePort":true,
			"size":5,
			"startingConditions":[
				"population_5",
				"farmland_poor",
				"volatiles_abundant",
				"organics_common",
				"poor_light",
				"dense_atmosphere",
				"very_cold",
				"low_gravity",
			],
			"industries":[
				["population", "orbital_fusion_lamp", "gamma_core"],
				"megaport",
				"farming",
				"mining",
				"lightindustry",
				"orbitalstation_high",
				"heavybatteries",
				"patrolhq",
			],
		},
	],
}