id,type,text1,text2,text3,text4,notes
planet_daedaleon,CUSTOM,"Site of a former research base operated by the Tri-Tachyon Corporation, a massive containment failure released a highly energetic and seemingly self-sustaining process or object which melted into the icy crust leaving a plume of strange radiation which spews exotic particles to this day. The planet is abandoned of all human activity but for a network of orbiting hazard beacons maintained by the Knights of Ludd.",,,,
,,,,,,
star_green,PLANET,A G2 type star of lesser luminosity possessive of a unique composition. Causing it to assume a rarely seen green hue.,,,,
star_blue_giant,PLANET,"A very high temperature and luminosity B-type star. Although extraordinarily massive this star is short-lived due to the hellish rate at which it fuses its constituent elements. It will quickly, for a star, explode as a supernova which may briefly outshine entire galaxies before transforming into a black hole or neutron star. The energies unleashed from the star's raging fusion heart erupt in powerful stellar winds that will strip the atmosphere from closely orbiting planets - and the hull from any starships that linger nearby.",,,,
star_blue_supergiant,PLANET,"An B-type star of extreme temperature, luminosity, mass, and volume. The supergiant star is sufficiently massive that it transitions smoothly from burning hydrogen to helium and onward. It is among the brightest candles, burning quickest and brightest before exploding as a supernova which may briefly outshine entire galaxies, bathing entire sectors in deadly radiation. The energies unleashed from the star's raging fusion heart erupt in powerful stellar winds that will strip the atmosphere from closely orbiting planets - and the hull from any starships that linger nearby.",,,,
star_purple_giant,PLANET,An O-type star. A god of destruction that will leave nothing in its wake. The only planets that are habitable or generally sane to be on are so ridiculously far away. Tied to the star's massive gravitational pull. Other than that the system will only swarm with hot bodies of fire and death.,,,,
star_purple_supergiant,PLANET,An extremely large O-type that demonstrates further than absolute power. These things dominate the sky even far away. And shine so incredibly strong that nothing. Literally nothing will remain. Except very far away obviously. Further adjectives would be pointless. As this is simply infinity. Infinity beyond infinity.,,,,
,,,,,,
water_giant,PLANET,A Neptune-like world placed in habitable zone. Its characteristics are wholly alien and surface uninhabitable as it generally does not exist. Tempests and waves of death terrorise the landscape. The atmosphere is generally toxic to humans if not absolutely lethal.,,,,
fire_giant,PLANET,A hot Jupiter of sort. This planet's internal clouds are covered with a thick layer of boiling metals. Floating about. But even those clouds inside are no less so incredibly hot. This entire world is nothing but death and endless destruction. Only a foolish madman would dare venture into its hellish embrace in seek of amicability.,,,,
barren,PLANET,A very small planet devoid of water or significant geological activity. Possibly of foam-like texture due to pathetic gravitational pull. Exposed to the radiation of space. It breathes in the fumes of solar wind. A perfect place to establish a base of operations if one does not wish to be bothered by the consequences of an atmosphere.,,,,
rocky_ice,PLANET,"A barren world operating in very great distance from its primary or without a primary at all. Mild amounts of snow and ice are deposited on top of enormous ravines that whisper the tales of creation. Dots mark the surface. Hundreds of thousands, millions years ago hit by stone or ice. An echo of infinity playing a for deaf tune.",,"A barren world operating in very great distance from its primary or without a primary at all. Mild amounts of snow and ice are deposited on top of enormous ravines that whisper the tales of creation. Dots mark the surface. Hundreds of thousands, millions years ago hit by stone or ice. An echo of infinity playing a for deaf tune. To elaborate. Worlds like these were most likely formed with very little volatile or organic content. Translating to a bitter chocolate of wealth of primitive industrial kind.",,
barren-bombarded,PLANET,A large world living next to its primary in a proximity of such that its atmosphere was stripped by intense solar winds. This was most likely catalysed by the lack of a proper magnetic field. Or generally just a very weak atmosphere to begin with that has not been regenerated by volcanic activity or arriving fodder.,,"The mottled curve of the planet turns below you. The lighter regolith is pocked with ancient impact craters, the darker lava seas less densely marked but riven nonetheless by evidence of their own cataclysmic creation.",,
lava,PLANET,"Gravitational affect of nearby bodies and the incomprehensible heat of the star deposited upon this world is causing it to rip its internal composure. Leaving valuable resources to be harvested by the fools who dare arrive upon it. The battered lit surface, most often tidally-locked releases metal vapour that then journeys towards the other side to rain there terrifically.",,,,
lava_minor,PLANET,A visibly disturbed world that emits significant amounts of gases that form its toxic or relatively toxic atmosphere. The soil is entirely terraformed towards satanic content. Whatever hope there was of establishing a habitable conflux was crushed.,,,,A visibly disturbed world that emits significant amounts of gases that form its toxic or relatively toxic atmosphere. The soil is entirely terraformed towards satanic content. Whatever hope there was of establishing a habitable conflux was crushed. Whatever cataclysm awakened this state of affairs. It will not be on its own or by the help of mankind reverted for the duration of upwards to tens of thousands of years. And even then all that'll remain will be a blackened by ash ground of hollow conveyance.
terran-eccentric,PLANET,An often tidally-locked planet that has a biosphere reaping the benefit of geo-architectural or lack there of competence. Worlds like these are common. As it happens so that very much a half of cold creates the perfect state for life to flourish. Existing here biohazarads can be quite intimidating as primitive as they are.,,,,An often tidally-locked planet that has a biosphere reaping the benefit of geo-architectural or lack there of competence. Worlds like these are common. As it happens so that very much a half of cold creates the perfect state for life to flourish. Existing here biohazarads can be quite intimidating as primitive as they are. Forming a surface that may be afflicted with the presence of terran analogues. But also often not. As it can be simply too stupid to be economically feasible even for us.
rocky_metallic,PLANET,A silent and bitter cthonian world that stayed or migrated towards where it is. Incredible structures of diamond and metal can be found on its surface. Accessible or not. Planets of this kind often posses a significant gravitational pull.,,,,
rocky_unstable,PLANET,A massive world of intense tectonic activity capable of sustaining a thin or massive atmosphere depending on its size and composition. Planets like these can operate in close proximity to their stars. But not close enough as to melt their surface. They can be a delicious source of minerals.,,,,
jungle,PLANET,"A horrible world of alien lifeforms of fortunately primitive kind. Incomprehensible floraic, fungal and microbial structures corrupt the world's surface. Feeding on its cycle of death and rebirth. The soil could have been prepared by an unbeknownst period of activity. Or not. With habitants quite hostile if it was.",,,,
water,PLANET,A simple world of high content of water orbiting close enough to its primary to be in liquid state. Planets like these were once seen as a good candidate for life. But repeated expeditions to such found only a dead empty ocean of absolutely nothing but philosophically aggressive null void.,,,,
toxic,PLANET,An exceptionally dense atmosphere chokes this world in heat of certain kind. Habitats can be built above its cloud surface to breath in the perfectly attuned by natural occurrences atmosphere. Whilst the places deep below can be extracted for boundless gains.,,,,
irradiated,PLANET,A rare planet type humanity wasn't exactly aware of before it has seen one from up close. The perfect storm of radiation being absorbed by its competent atmosphere is causing a slow emitting of heat which creates generally acceptable temperatures. These kind of worlds can be easily adapted for convenient human habitation. As long as modern medicine provides resolutions for horrifically carcinogenic environments.,,,,
tundra,PLANET,"A planet operating in habitable zone with a competent atmospheric composition that is undergoing a cooler period. Monstrous continental glaciers have devoured the landscape, reflecting most of the sunlight. Contributing to a cascading climate phenomena shifting it towards a visible extreme.",,,,
arid,PLANET,The atmosphere of this planet is rich in carbon dioxide and methane. Causing it to have a potent global warming effect that paired with its non-reflective surface has pushed it towards being quite horrid to live on.,,,,
,,,,,,
planet_marko,CUSTOM,Marko was a prison colony once. But after the Collapse it was restructured into a proper society by failing local command. Eventual cooperation between the individuals repressed for trying to rebel against the Domain and the Domain's servants who realised they were for now abandoned. And then forever seemingly. Created a place of some cartoonish camaraderie. But in the end they were all assimilated by Hegemony. And thus these bonds were quickly overwritten by standard military pulse from above.,,The atmosphere of Marko was almost entirely of hydrogen. Meaning it wasn't fit to breathe by humans. The water beneath does have composition of some sorts that allow certain Domain-made organisms to grow down there. Thus allowing for the existence of aquaculture. Though the exploitation of infinite depths makes local acquaculture have as much in common with that of old Earth as growing tomatoes through radiation-immunised oaks in space's vacuum.,,
planet_lamar,CUSTOM,"Lamar was found covered in ruins of unknown origin. Presumed to be mining facilities left over by the Domain. Their architecture however seems quite odd. Pointing to some unidentified corporation of quite hipsterish culture. Tri-Tachyon denied any involvement. To investigate what is exactly going on here, Hegemony has constructed habitats and imported some people to analyse the deadly Lamar's surface. Its conventional riches are also quite worth exploiting.",,The incredible power of Lamar's deadly atmosphere of cold makes it so that any long-term inhabitation requires incredible investment and care. The people who live here are all paranoid of everything just giving up and killing them instantly. But when they are not. They enjoy the romantic traversals of the planet's incredibly beautiful oceans and rivers. There is only one continent hiding beneath the clouds. A gigantic Pangea of sorts surrounded from all sides by shallow carbohydrate waters. Which Hegemony boats do sometimes patrol in search of treasure. Like ye good old fashioned pirates of old. Except the only enemy of theirs are the cold.,,
station_grozel,CUSTOM,An enormous superstructure hanging above a group of significant asteroid belts. Erected to study xenolife suspended in hibernation left over by two habitable planets that collided here. Currently the station is held by a mass of pirates loyal to Gilead.,,Looking up you see a ceiling far above you. And bridges connecting platforms that together formed a stationwide city. This humongous installation was somewhat cold and dark. And it went on forever. Without logic. Albeit logic was there. Rules that caused you to be bound by gravity without the need for a circular design were poorly understood. But some more bold and erudite say it has something to do with a flow of ghost particles pushing everything downwards.,,
planet_kathryn,CUSTOM,A cruel but peaceful ice world that is absolutely suffering from the lack of anything that could help its miserable existence. The planet was named after a beautiful girl who had zest for music. She was eventually found by Luddic Church and executed for her insults against their beliefs. As she lived on an independent world that was eventually absorbed by their influence. According to the legends. The independent world apparently no longer exists. And was somewhere out there in the emptiness beyond the Core Worlds.,,,,
planet_new_bebop,CUSTOM,A large water giant that certain more wealthy individuals from Gilead chose to inhabit and make shrines about. The observation facilities were to stare in the absolute abyss and motivate people to reflect on the nature of the universe. The somewhat high tech nature of this endeavour did force the shard of Luddic Church. That called the shots around here to stay quiet on the political field of general CGR long-term decision making. In fear of being spotted and called out for hypocrisy.,,The society of New Bebop consisted mostly out of miners and criminals who were imported to work on the enormous structures suspended in the planet's atmosphere. Most of them made quite good consumers thus allowing New Bebop to grow independent from the central CGR government quite quickly. With this thinking in mind. They have been growing incredibly fast. Allowing them to complete their structures in record time. Though there aren't that many records for building gas giant colonies after the Collapse.,,"New Bebop is a beautiful world of dreamy sights a shard-faction of Luddic Church has chosen to settle. A significant amount of monasteries are being built to eventually serve more wealthy faithmen. These high tech constructions are at a bit of an odd against the main doctrine of the CGR. Thus causing certain political turmoil to lurk behind the horizon.

Large hanging structures were above the endless waters and thick clouds that were so absorbing the sun. An absolute abyss was beneath that would occasionally be interrupted by mining vessels or patrol shuttles. These stations were composed with green and red colours. Flowers planted in delicate brown soil."
,,,,,,
planet_gumbat,CUSTOM,Gumball was a world built by Tri-Tachyon to harvest the planet's incredible wealth. It was also expected to attract much tourist attraction. Seemingly also after the Collapse. And it did. The beautiful flying Venice is apparently one of the few objective wonders of the Persean Sector. That not even the most contrarian Luddic Church believers can deny of.,,The slums in the yellow haze were intense and vivid. Filled with choking individuals who every day would slave away in infinite mines. Promised benefits of free healthcare and transportation were eventually granted. But too little too late. Creating an unstable society seemingly on the verge of a massive Chicomoztoc-like riot. It is only a matter of time before the cauldron spills. And all the sides are waiting with popcorn bags ready.,,
planet_grabuz,CUSTOM,Grabuz was built with good ideas in mind. It was supposed to be just an independent colony that would economically support the entity of Gumbat with volatiles. But its leader mysteriously died. And then the planet collapsed into endless bickering between small factions that are shouting to each other daily about nonsense in an attempt to insult one another into combat.,,"Most of the time it's difficult to tell where you exactly are on Grabuz. As politically this place is just a horrible anarchistic mess. And yet there was often a ready group of military servicemen. Who were most likely the descendants of the population that predates the true Grabuz colonisation. Lurking around. Ready to shoot someone. People here were varied and mixed. Cruel, angry, bitter and lustful. With never ending stupidity going on in the background.",,
,,,,,,
planet_gyas_a,CUSTOM,Sindrian Diktat appeared here out of thin air and built a bunch of massive structures to be suspended in the gas giant's obnoxious atmosphere. They harvest its incredible resources that are spinning at incredible speeds around the planet.,,"Even though the system is owned by Yendore. The Sindrian Diktat kinda claims it's not. It's complicated. Yendore has many laws that it expects Dermit to obey to. Like an exceptionally low age of consent or the right to beat your children. The Sindrian Diktat sometimes ignores the fact that that is something they need to respect, generally speaking. Sometimes when a weird individual appears here from Yendore for reasons unknown. They simply disappear and are never found again. And does Yendore investigate? Sometimes. But do they find anything? Nope.",,"Horrible place to live in and yet it was successfully colonised by Andrada's lackeys for reasons beyond comprehension. Hegemony intel suggests the established here facilities are a cover up for a top secret weapon research program.

Landing here was a nightmare. A sudden black just descended upon you. It felt like you died. But the lights of the ship still shined and the worried face of your shuttle's pilot was staring at you for a moment, as if worried you were to lose consciousness.

Soon, however. You land. The Sindrian Diktat floating platform was neatly adorned with frescos in Lion's Guard theme on the inside. You were watched by automated turrets and a singular soldier who seemed bored. When you enter the main hall, you see a liminal sight of windows looking on the inside into a grey place. It felt depressing for a moment. But then you saw a Sindrian Diktat officer talking to a low figure whilst loudly sipping their coffee seemingly on purpose just to annoy them. Lighting up your mood a little."
planet_yendore,CUSTOM,Large political polity that pledged allegiance to Kazeron. Thus receiving the benefits of its protection. It eventually became a military power of its own that enforced its rule upon the system. Annexing the secondary polity and eventually becoming a dangerous political opponent to certain parties deeper in Persean Sector territory.,,Cities of Yendore are a network of tall towers interconnected by massive highways that are often found overrun with bandits. Military vessels being prepared all over. Trained around thousands of troopers daily and a storm of lights eventually being awakened paints an image of a planet that seemingly never rests. And only pushes forward.,,
planet_frozone,CUSTOM,Ancient polity that predates Yendore. Established by Domain corporations forgotten by time. It was transformed into a powerful place of incursion against them. Their freedom lasted for a pretty long time before Yendore's aspirations went beyond its own planet. Nowadays its a place of anarchy. Whatever individuals wish to do dirty things here to pretend they're saints on different planets. Come here. Leaving behind a trail of sin but also unpredictable economical growth.,,Weird black domes or triangles peeked from behind massive ice formations that went from an endless sea that hid beneath upwards. It seemed to scientists that Dermit was once a far hotter world. Predicting that there was once a blue giant nearby that suddenly disappeared for unknown reasons. Perhaps being launched somewhere by a passing black hole.,,"Relatively large economical polity annexed by Persean League to reinforce its interstellar war machine. The designation is simple. Make goods. Consume goods. Pay taxes. These places are quite comfortable to live in. Due to the distance of the colony, the general travel bureau keeps arrivants unverified as to not complicate trade and immigration. This does create a population of quite unruly folk. But why would that matter when the capital flows?

The icy surface is layered with defensive structures looking out for attackers that might never arrive. Or arrive too soon. The population lives in towers creating obnoxious towns. Devoid of happiness. Daily routine flows here. Individuals wearing spacesuits suffer the lack of light and incredible cold. The thin atmosphere forms a subtle blue line when the distant sun sets. You notice a dog wearing a spacesuit. It was quite incompetent in its design. The dog, not the spacesuit."
planet_loner,CUSTOM,This world is theorised to have once been a place of major Domain presence. It is unknown what that presence exactly was. Or whether there was any in the first place.,,,,
,,,,,,
planet_gagner,CUSTOM,Gagner was once a quite major polity of the Core Worlds that was wiped out very easily by a plague due to being extremely dated in medical protocols. This situation has caused it to become severely long-termly impaired. But it did rebuild over time. The population was definitely Luddic even before the Ludd themselves. At least deep in their heart. But the centuries of suffering from scientific illiteracy has made it change its course a bit. Thus perceiving Gilead nowadays as more of an idiot of the family. Rather than the guiding intelligent hand.,,Gagner was actually a quite vivid producent of holovids and hologames. Housing the few albeit meaningful large studios which work tirelessly to develop for the CGR's population dated equipment products. This does give this planet a strange reputation. Being not true exactly in its falsely-sincere dedication to being alive in the real world. Against all the tech which corrupted. But the suggestion is that mayhaps there is a chance for a way that does not involve crushing every piece of flesh and bone from people who enjoy drinking coffee from a coffee machine.,,
planet_memory,CUSTOM,"In the long gone past Memory was an important high tech industry colony. It was easily wiped out during the AI Wars, not even by Hegemony or pirates. But by the Pathers instead. They came over here. Bombed everything. Abducted everyone for ransom. And then never gave them back. Whatever ancient history was here to talk about. Whatever communities there were to witness. They were all shattered. But their cities remain. Somewhat. So lurkers have burrowed in near the roots to feed on them.",,A massive superstructure stood over a pile of ice in the middle of nowhere. Looking towards all directions with towers of absolute destruction. Shuttles moved about gently. The thin atmosphere deflected the weak light of the nearby star. Giving it an aura of dread and ominous omnipotence.,,
station_memory,CUSTOM,Tri-Tachyon funded the rebuilding of this abandoned volatile harvesting structure. Under the condition that it would no longer harvest volatiles. But pirate's brains instead.,,,,Large defensive structure that was built from the wreckage of an abandoned volatile mining platform that was left spinning in the orbit for hundreds of years.
,,,,,,
planet_abraham_newelles,CUSTOM,An almost dead world that has nothing but a small colony of miners that keep working in spite of the universe around them ending almost three times already. Nothing has changed on Abraham Newelles since the Collapse. And even before that the misery was just the same as it is now.,,Abraham Newelles hosts a small bureau that sold used ships. A large combine of miners. As large as it could be with such a small population. A bunch of defensive structures that made no sense in the long run. And a massive underground city that was immune to all the earthquakes by being placed in a specific location where they were minimal.,,
planet_brumingham,CUSTOM,"Knights of Ludd arrived to this colony to annex it after they heard some worrying rumours about people starting to eat each other here. The colony was initially grateful for their help. But the Knights of Ludd decided to stay even after making the situation less severe. Nowadays there is a tense atmosphere between the previous population. And the immigrating to here in search of economic opportunities individuals from Gilead. Mostly because of the constant obnoxious regulations on the consumption of drugs, hologames and holovids.",,"Towns of Brumingham were small and crowded. Things just went about. Down and below. Then up. Roads. Highways. Railroads. And other things operated daily creating an intense traffic that was carefully monitored by Knights of Ludd. The enormous but cool star shined on it all with some malice. But to the Luddic Church it was a gift. Hopefully one that won't implode in their faces any time soon. Strangely enough CGR does fund a tiny Tri-Tachyon owned hopefully non-evil science institution. Which appears here from time to time to figure out if just that won't happen in the next few decades. In case it's probable, Gilead said they are willing to provide shelter for Brumingham's population.",,
darknight_pirate_station,CUSTOM,A large habitat that was taken over by pirates and then made into a base of operations from which obnoxious fleets are launched to be then destroyed by Luddic Church armies. Possibly. Because of it the system is regularly lit up with conflict. It is theorised that whatever individuals originated from this place were responsible for the Brumingham’s initial downfall. CGR says that they will not stop until this place is destroyed. But the amount of forces they actually send to deal with it are minimal to say the least.,,The station glittered with somewhat horrifying arcane power that disrespected space around it with massive turrets turning around and measuring it every step of the way. Like an eye trying to figure out if it was looking into its own mind or the world outside.,,
,,,,,,
planet_farquaad,CUSTOM,Comically named Farquaad is theorised to have been once a gas giant. At least the stuff around it was. The planet was then obliterated by something unknown. Perhaps its gravitational pull due to limited mass wasn't strong enough to retain itself when closer to the star. Or perhaps aliens went over and stole all its hydrogen. We'll never know.,,,,
planet_vaanita,CUSTOM,"Vaanita was established by some guy named Vanshilar who ran away along certain many Luddic Church followers. Who wanted to evade Gilead's wrath over some mathematical indiscrepancy. Due to its liberal take on the rules of Luddic belief, it attracted far many more people to its territories than it should have. Thus creating a powerful society of incredible mass that to this day is a thorn in Luddic Church's side.",,The planet is littered with domes and defensive structures. Massive pylons with cables hanging in the dead cold atmosphere stood with the red star shining in the background. Creating a somewhat surrealist image of an evil hue being cast on a tranquil landscape that was filtered out on most pictures to attract tourists. Even though it should be something the planet could use to attract them instead.,,
,,,,,,
planet_denyza,CUSTOM,"Denyza is an ominous world that turned out to have a decivilized population that steadily grew since the Collapse. Roamed by people riding camels, horses and training elephants. The society here fell down towards what could be considered medieval ages of knights and peasants. Luddic Church arrived here and introduced some technology. Mostly healthcare and military tech. They tried to build cities for the many people here. But they soon realised the extreme tectonic activity of the planet was more than they could handle.",,"Beautiful starry skies appear often in the paintings of Denyza as lack of cities creates perfect lack of light pollution to reveal the mysteries of the universe to a non-distracted by the nightmares of post-Collapse life observer. Denyza is often described as a Garden of Eden rebuilt for humanity. Unbothered by AI Wars. Unbothered by the horror of Gilead's theocracy until recently. And unbothered by Hegemony's military regime. Things here just worked. And were observed from the sky by pirates and independents. Sometimes landing near fields of tents to interact with the odd people that lived here.

But it is all gone now. Replaced with the cruel cycle of life enforced by the Knights of Ludd who CGR let roam this place from time to time. But truth be told. Even they can't control such a wild population of dissociated morons. As those form the majority of Denyza's population. Always have.",,
planet_gangregis_khan,CUSTOM,Gangregis Khan is a made up deity of the people of Denyza that is apparently responsible for negotiating the delivery of heat to the planet. It was known that it was a mere gas giant in close proximity to its primary. But the myth was more fun.,,,,
planet_maronia,CUSTOM,KO arrived here and made this place their home. As they believed the massive abandoned cities to host treasures they could steal. Knights of Ludd arrived to clear their presence. But they were all wiped out eventually. Ever since then CGR has negotiated a begrudging peace treaty between the two political entities.,,"Dead cities were swarming with scavengers, armoured personnel carriers, explorations vehicles. Including stylish hoverbikes piloted by strangely dressed individuals. Occasional glimmer of conflict could be seen far far away. As there are still remnants of the old civilization about this world KO Combine mercenaries gladly volunteered to exterminate.",,
,,,,,,
planet_null,CUSTOM,"Null was built by a combine of unknown corporations to harvest the planet's underground surface. A very specific and precisely constructed location was chosen to become a massive habitat for a population of quite visible size. This gave the planet the opportunity to not be violently destroyed by pirate raids, automated Tri-Tachyon fleets or Hegemony backlash from economic malevolence. As every time it would be passed. The planet was perceived as depopulated already.",,"The surface structures of Null were almost jury-rigged that were constantly bitten by massive unpredictable earthquakes and winds carrying sandstorms that shredded paper. The planet was also somewhat tidally locked. But that is quite common and not as much of a threat as typicall perceived before.

The enormous cities beneath. However provide immunity from all that. And the society that flourishes there seems to pay no mind to the conflicts that eternally go on in the background. Not even noticing the quite strange force taking their system as its home.",,Haphazardly constructed metallic statues of some sort formed unknown purpose. Whilst massive tunnels leading deep into the mantle hanged about. Volcanic activity and incredible heat rivalled gigantic towers of incredibly tough alloys that hanged suspended on cables over incredible abysses of mined out territory.
planet_fameless,CUSTOM,A strange place that used to be an independent colony that lived of horribly impractical yet profitable for some reason farms and other strange operations. Which includes interacting with odd Domain-made biosphere here. One day it simply wasn't there anymore. And then there was a Sindrian Diktat colony. What happened to it? Someone knows. Not me though.,,Fameless was once a powerful colony that has been bought out by the Sindrian Diktat after going bankrupt. This most likely occurred due to the fact that Persean League orchestrated its downfall as to eliminate unwanted competition. It was acquired by the Sindrian Diktat which happily took its place and then did the exact same thing it did before. Thus forming a very powerful economic component of the few local systems. Rivalling the other Persean League colonies. Causing much havoc within their economy.,,Horrid grey structures emitting black smoke were in reality nice looking establishments built by Sindrian Diktat for Sindrian Diktat. Wealthy citizens from Askonia arrived here to start a new life in the name of Andrada. They were carefully watched by military forces present here. Which were quite odd in their behaviour. Allowing for all kinds of things to be openly traded. Why? Apparently they did that to not annoy the Persean League. But there are conspiracy theories of Sindrian Diktat using its unaware population for testing of possibly lifesaving drugs. Or life-ending. Or both. Though that theory is ridiculed even by the Hegemony. Who says reasoning is simply to not annoy the Persean League by intruding on its old territory.
,,,,,,
planet_lotus,CUSTOM,Due to budget cuts. The Forge of Lotus was never inhabited. It was planned to be a massive network of floating above the sea of lava structures that would crap out fleets of immense strength. But the idea was deemed too dangerous for the political integrity of the Persean Sector. Believing it would become a possible seat of power for a major secessionist force.,,,,
planet_tonderilla,CUSTOM,"Tonderilla is one of the last efforts, but most likely more effective than previous ones. To continue the holy war against the Persean Sector. Which seems to be adjusting towards their hit and run strategies. Making it nigh impossible for them to achieve anything in the recent decades. It builds itself on breaking a few vows here and there for the sake of adaptation. And creation of a delicate albeit potent strength to surpass plasma gear.",,"One can be easily fooled by the surface appearance of black boxes and long stone-like structures that this is some sort of a Persean League or Tri-Tachyon high tech council of destruction. But the layers of protection hide beneath them simple hideouts, shrines and churches. Among incredible factories and logistical stockpiles.

Tonderilla definitely is one of the stranger worlds under Luddic control. It seems entirely hypocritical in its methods. But the truth is that all of those sins are somewhat forgiven. In the end the Path is getting more and more desperate. Expecting an end of the world to arrive soonish. Concluding everything. And punishing them for their inability to stop the tide of time. More precisely the tide of progress.",,
,,,,,,
station_gizmo,CUSTOM,An extraction facility built far above the horrifying Night Night's surface in order to not suffer its immense gravitational pull. The resources gained served well the unknown warlord who had this place under his command. Before sadly passing away from relatively natural causes.,,"Built shortly before the Collapse. Suspected to operate under the influence of the Tri-Tachyon corporation until the unravelling that occurred during the first AI War. Automated Fleets once patrolled this area before being wiped out by the Hegemony. Nowadays the area is fully covered by pirates who have reclaimed this territory from the eventually wiped out Hegemony forces.

The pirates that operate on this location are known for having yearly card games tournaments that are whispered about far away from about Persean Sector. Attracting many those who are not afraid of dealing with quite unruly folk. To have a good time.",,
planet_robert_gailer,CUSTOM,Larger world with seasons that last hundreds of years. The planet of Robert Gailer is that of somewhat melancholy. Built by various corporations that have fallen very shortly after the Collapse. The cults that then took over were pushed away by Luddic faith accelerating thanks to dedicated work of Pather missionaries. And then the Pather missionaries themselves were banished. Leaving only the population of the planet to fend for themselves without outside influence. Which then made them realise their true destiny. Pledging themselves to Kanta.,,"The local nations resisted extreme climate of endless winters by having mobile cities that would somewhat slowly walk across the landscape in a cartoony way. Jury-rigged in nature massive ports. Works of industry. And commercial activity was of incredible weirdness. Detached from the politics of the Persean Sector. The culture here seems content devolving into this strange state of backwardness. And yet happiness. With apparently the world itself attracting so many people from the outside. Due to a highly relaxed culture if it comes to the expression of sexuality. But also violent tendencies. Through poetry.

A very odd occurrence. For a pirate world to have such emotional vulnerability in its society. Perhaps the result of just how untouched by war this place was. With the Automated Forces failing to wipe it out. Or perhaps succeeding at protecting it. We will never know.",,
,,,,,,
planet_tiny_person,CUSTOM,An ancient outpost built during the first AI War. Maintained since then. It didn't exactly grow. But it is a somewhat important location on the way further out. Of some minor significance. Extremely minor.,,The waves climb extremely tall. With the sea finding it strange to move around. The low gravity of the world was comical. With only a tiny metallic core keeping it all together. Preventing it from falling away in the radiation of the gentle green star.,,