{
	"starSystem":"rednick",
	"markets":[
		{
			"entities":["wunderschnitzer"],
			"faction":"pirates",
			"freePort":true,
			"size":7,
			"startingConditions":[
				"population_7",
				"rare_ore_abundant",
				"ore_abundant",
				"mild_climate",
				"tectonic_activity",
				"hot",
			],
			"industries":[
				"population",
				["megaport", "fullerene_spool"],
				"mining",
				"lightindustry",
				"commerce",
				"battlestation_high",
				"heavybatteries",
				["militarybase", "alpha_core"],
			],
		},
	],
}



