{
	"starSystem":"aztlan",
	"markets":[
		{
			"entities":["chicomoztoc", "aztlan_starport"],
			"faction":"hegemony",
			"size":9,
			"startingConditions":[
				"underground_arcology",
				"population_9",
				"ore_moderate",
				"farmland_poor",
				"thin_atmosphere",
			],
			"industries":[
				"population",
				"megaport",
				["farming", "soil_nanites"],
				"refining",
				"lightindustry",
				["orbitalworks", "pristine_nanoforge", "gamma_core"],
				"starfortress",
				"heavybatteries",
				"patrolhq",
			],
		},
		{
			"entities":["coatl", "coatl_station"],
			"faction":"hegemony",
			"size":5,
			"startingConditions":[
				"population_5",
				"ore_moderate",
				"volatiles_diffuse",
				"organics_common",
				"tectonic_activity",
				"cold",
			],
			"industries":[
				"population",
				"megaport",
				"mining",
				"commerce",
				"heavybatteries",
				"battlestation",
				"militarybase",
			],
		},
		{
			"entities":["zorrah"],
			"faction":"independent",
			"size":5,
			"startingConditions":[
				"population_5",
				"rare_ore_moderate",
				"ore_abundant",
				"thin_atmosphere",
				"low_gravity",
			],
			"industries":[
				"population",
				"megaport",
				"mining",
				"lightindustry",
				"commerce",
				"heavybatteries",
				"battlestation_high",
				"patrolhq",
			],
		},
	],

}



