{
	"starSystem":"eos",
	"markets":[
		{
			"entities":["tartessus"],
			"faction":"luddic_church",
			"size":8,
			"startingConditions":[
				"luddic_majority",
				"population_8",
				"farmland_poor",
				"ore_moderate",
				"habitable",
			],
			"industries":[
				"population",
				"megaport",
				"farming",
				"lightindustry",
				"commerce",
				"battlestation_mid",
				"grounddefenses",
				"patrolhq",
			],
		},
		{
			"entities":["hesperus"],
			"faction":"luddic_church",
			"size":6,
			"startingConditions":[
				"luddic_majority",
				"population_6",
				"rare_ore_abundant",
				"ore_moderate",
				"volatiles_abundant",
				"organics_common",
				"poor_light",
				"very_cold",
				"high_gravity",
			],
			"industries":[
				"population",
				"megaport",
				"mining",
				"fuelprod",
				"commerce",
				"starfortress",
				"heavybatteries",
				"highcommand",
			],
		},
		{
			"entities":["baetis"],
			"faction":"independent",
			"size":4,
			"startingConditions":[
				"population_4",
				"rare_ore_abundant",
				"ore_abundant",
				"volatiles_diffuse",
				"low_gravity",
				"no_atmosphere",
			],
			"industries":[
				"population",
				"megaport",
				"mining",
				["fuelprod", "synchrotron"],
				"battlestation",
				"heavybatteries",
				"patrolhq",
			],
		},
	],


}



