{
	"starSystem":"vobo",
	"markets":[
		{
			"entities":["broken_bone", "abandoned_station"],
			"faction":"independent",
			"size":4,
			"startingConditions":[
				"population_4",
				"ruins_extensive",
				"rare_ore_sparse",
				"ore_sparse",
				"low_gravity",
				"no_atmosphere",
			],
			"industries":[
				"population",
				"spaceport",
				"techmining",
				"commerce",
				"orbitalstation",
				"heavybatteries",
				"patrolhq",
			],
		},
		{
			"entities":["rippers_morld"],
			"faction":"tritachyon",
			"freePort":true,
			"size":6,
			"startingConditions":[
				"population_6",
				"solar_array",
				"ore_moderate",
				"volatiles_diffuse",
				"organics_trace",
				"water_surface",
				"hot",
			],
			"industries":[
				"population",
				"megaport",
				"aquaculture",
				"mining",
				"lightindustry",
				#["commerce", "alpha_core"],
				"starfortress_high",
				["heavybatteries", "drone_replicator"],
				"militarybase",
			],
		},
		],
}



