name,id,tier,rarity,base value,range,damage/second,damage/shot,emp,impact,turn rate,OPs,ammo,ammo/sec,reload size,type,energy/shot,energy/second,chargeup,chargedown,burst size,burst delay,min spread,max spread,spread/shot,spread decay/sec,beam speed,proj speed,launch speed,flight time,proj hitpoints,autofireAccBonus,extraArcForAI,hints,tags,groupTag,tech/manufacturer,for weapon tooltip>>,primaryRoleStr,speedStr,trackingStr,turnRateStr,accuracyStr,customPrimary,customPrimaryHL,customAncillary,customAncillaryHL,noDPSInTooltip,number
Cactus Canyon,sequence_harpoon,0,,,1000,,250,250,10,,0,,,,HIGH_EXPLOSIVE,,,0,10,,,0,0,0,,,300,-200,10,80,,,"SYSTEM, DO_NOT_AIM",,,Ammonian,,Finisher,Medium,Medium,,,,,,,,11.6125
,,,,,,,,,,,,,,,,,,,,,,,,,,,,,,,,,,,,,,,,,,,,,,,,
Hellrose,hellrosepod,2,,5000,2000,,4000,,10,20,26,5,,,KINETIC,0,,0,13,1,,0,0,0,0,,200,100,18,400,,,"DO_NOT_AIM, STRIKE","missile18, strike15, rare_bp, merc, remnant, damage_special, damage_soft_flux",,Tri-Tachyon,,Anti Shield,Medium,Good,,,"Launches a wave of death that decays rapidly, dealing about %s damage.",10000,,,TRUE,16.01
Targeting Laser (Hellrose),targetinglaser_hellrose,0,,1,0,100,,,0,200,0,,,,ENERGY,,0,0.05,0.05,,,,,,,1000000,,,,,,,SYSTEM,,,,,Special,,,,,,,,,,51
    Hellrose - Payload,hellrose_payload,2,,0,800,4000,,,,,,,,,KINETIC,0,,0.25,3.5,1.25,,,,,,1000000,,,,,,,"SYSTEM, DANGEROUS",fires_one_burst,,,,,,,,,,,,,,12.12
,,,,,,,,,,,,,,,,,,,,,,,,,,,,,,,,,,,,,,,,,,,,,,,,49
,,,,,,,,,,,,,,,,,,,,,,,,,,,,,,,,,,,,,,,,,,,,,,,,
Dark Matter Coagulator,coagulator,2,0.1,14400,800,200,,,0,10,5,,,,ENERGY,,50,3.3333,3.6667,,,,,,,2400,,,,,,,,"beam9, restricted",,Agnostic Conflux,,General,,,,,Takes an exceptionally long time to start dealing maximum amount of damage. And to power down.,,,,,18
Dead Reality Spawner,dead_gate,3,0.1,4000,800,250,,,0,10,11,,,,KINETIC,,150,5,5.3332,,,,,,,2400,,,,,,,,"beam13, kinetic12,, restricted",,Agnostic Conflux,,Anti Shield,,,,,Takes an exceptionally long time to start dealing maximum amount of damage. And to power down.,,,,,21
Gravity Wave Inducer,g_wave_inducer,3,0.1,18000,700,,100,,0,20,25,144,5.33332,24,HIGH_EXPLOSIVE,100,,,0.08333,2,,10,10,0,0,,2000,,,,,,,"energy20, restricted",,Agnostic Conflux,,Anti Armor,,,,,,,,,,25
,,,,,,,,,,,,,,,,,,,,,,,,,,,,,,,,,,,,,,,,,,,,,,,,
Antigun,antigun,3,0.1,26000,900,,30,,1,20,16,,,,KINETIC,20,,1.75,4,200,0.05,0,10,0.2,2.5,,700,,,10,,,,"kinetic17, restricted",,Agnostic Conflux,,Anti Shield,,,,,Takes a moment to turn on and than releases a barrage of projectiles.,,,,,3.65
,,,,,,,,,,,,,,,,,,,,,,,,,,,,,,,,,,,,,,,,,,,,,,,,
,,,,,,,,,,,,,,,,,,,,,,,,,,,,,,,,,,,,,,,,,,,,,,,,
,,,,,,,,,,,,,,,,,,,,,,,,,,,,,,,,,,,,,,,,,,,,,,,,
,,,,,,,,,,,,,,,,,,,,,,,,,,,,,,,,,,,,,,,,,,,,,,,,
,,,,,,,,,,,,,,,,,,,,,,,,,,,,,,,,,,,,,,,,,,,,,,,,
,,,,,,,,,,,,,,,,,,,,,,,,,,,,,,,,,,,,,,,,,,,,,,,,
,,,,,,,,,,,,,,,,,,,,,,,,,,,,,,,,,,,,,,,,,,,,,,,,
,,,,,,,,,,,,,,,,,,,,,,,,,,,,,,,,,,,,,,,,,,,,,,,,
,,,,,,,,,,,,,,,,,,,,,,,,,,,,,,,,,,,,,,,,,,,,,,,,
,,,,,,,,,,,,,,,,,,,,,,,,,,,,,,,,,,,,,,,,,,,,,,,,
,,,,,,,,,,,,,,,,,,,,,,,,,,,,,,,,,,,,,,,,,,,,,,,,
,,,,,,,,,,,,,,,,,,,,,,,,,,,,,,,,,,,,,,,,,,,,,,,,
,,,,,,,,,,,,,,,,,,,,,,,,,,,,,,,,,,,,,,,,,,,,,,,,
,,,,,,,,,,,,,,,,,,,,,,,,,,,,,,,,,,,,,,,,,,,,,,,,
,,,,,,,,,,,,,,,,,,,,,,,,,,,,,,,,,,,,,,,,,,,,,,,,
,,,,,,,,,,,,,,,,,,,,,,,,,,,,,,,,,,,,,,,,,,,,,,,,
,,,,,,,,,,,,,,,,,,,,,,,,,,,,,,,,,,,,,,,,,,,,,,,,
,,,,,,,,,,,,,,,,,,,,,,,,,,,,,,,,,,,,,,,,,,,,,,,,
,,,,,,,,,,,,,,,,,,,,,,,,,,,,,,,,,,,,,,,,,,,,,,,,
