{
	"starSystem":"corvus",
	"markets":[
		{
			"entities":["asharu"],
			"faction":"independent",
			"size":4,
			"startingConditions":[
				"population_4",
				"ruins_scattered",
				"rare_ore_abundant",
				"ore_moderate",
				"hot",
			],
			"industries":[
				"population",
				"spaceport",
				"mining",
				"commerce",
				"grounddefenses",
				"patrolhq",
			],
		},
		{
			"entities":["jangala", "corvus_hegemony_station"],
			"faction":"hegemony",
			"size":7,
			"startingConditions":[
				"population_7",
				"farmland_adequate",
				"rare_ore_sparse",
				"ore_moderate",
				"organics_common",
				"inimical_biosphere",
				"tectonic_activity",
				"habitable",
			],
			"industries":[ 
				"population",
				["megaport", "fullerene_spool"],
				"farming",
				["lightindustry", "biofactory_embryo"],
				["commerce", "dealmaker_holosuite"],
				"battlestation_mid",
				"heavybatteries",
				"militarybase",
			],
		},
		{
			"entities":["corvus_IIIa", "corvus_pirate_station"], # Garnir
			"faction":"independent",
			"size":4,
			"freePort":true,
			"startingConditions":[
				"population_4",
				"volatiles_diffuse",
				"organics_abundant",
				"poor_light",
				"tectonic_activity",
				"very_cold",
			],
			"industries":[
				"population",
				"spaceport",
				"mining",
				"lightindustry",
				"grounddefenses",
				"patrolhq",
			],
		},
	],

}



