name,id,demand class,base price,export value,price variability,utility,origin,tags,stack size,cargo space,icon,sound id,sound id drop,order,economyTier,econUnitOrigUnused,econUnit,baseRaidDanger,eU * base value,iconWidthMult,plugin,desc
Supplies,supplies,supplies,200,1000,3,1,,"military, expensive",1000,1,graphics/icons/cargo/supplies.png,ui_cargo_supplies,ui_cargo_supplies_drop,0.5,2.1,400,750,HIGH,,1,,
Fuel,fuel,fuel,50,3000,3,1,,military,1000,0,graphics/icons/cargo/fuel.png,ui_cargo_fuel,ui_cargo_fuel_drop,0.75,2,1000,1500,HIGH,,0.6,,
Crew,crew,crew,200,0,3,1,,"crew, personnel",1000,0,graphics/icons/cargo/crew02.png,ui_cargo_crew,ui_cargo_crew_drop,0.8,3.1,200,500,,,0.6,,
Marines,marines,marines,400,1000,3,1,,"marines, military, personnel",1000,0,graphics/icons/cargo/marine.png,ui_cargo_marines,ui_cargo_marines_drop,0.9,3.4,200,200,,,0.6,,
,,,,,,,,,,,,,,,,,,,,,,
,,,,,,,,,,,,,,,,,,,,,,
Food,food,food,40,1000,3,1,,food,1000,1,graphics/icons/cargo/food.png,ui_cargo_food,ui_cargo_food_drop,13,1,500,2000,MEDIUM,,1,,
Organics,organics,organics,60,1000,3,1,,,1000,1,graphics/icons/cargo/organics.png,ui_cargo_organics,ui_cargo_organics_drop,12,0,500,1500,MEDIUM,,1,,
Volatiles,volatiles,volatiles,500,10000,3,1,,expensive,1000,1,graphics/icons/cargo/volatilesB.png,ui_cargo_volatiles,ui_cargo_volatiles_drop,11,1.2,100,200,,,1,,
Ore,ore,ore,20,3000,3,1,,,1000,1,graphics/icons/cargo/ore.png,ui_cargo_ore,ui_cargo_ore_drop,10,0.2,500,5000,,,1,,
Transplutonic Ore,rare_ore,rare_ore,150,4000,3,1,,expensive,1000,1,graphics/icons/cargo/rareore.png,ui_cargo_rareore,ui_cargo_rareore_drop,9,0.3,200,500,,,1,,
Metals,metals,metals,60,6000,3,1,,,1000,1,graphics/icons/cargo/materials.png,ui_cargo_metals,ui_cargo_metals_drop,8,1.1,500,2000,,,1,,
Transplutonics,rare_metals,rare_metals,400,12000,3,1,,expensive,1000,1,graphics/icons/cargo/raremetals.png,ui_cargo_raremetals,ui_cargo_raremetals_drop,7,1.2,100,200,,,1,,
Heavy Machinery,heavy_machinery,heavy_machinery,300,2000,3,1,,expensive,1000,1,graphics/icons/cargo/heavymachinery.png,ui_cargo_machinery,ui_cargo_machinery_drop,0.95,2.2,100,300,,,1,,
Domestic Goods,domestic_goods,domestic_goods,100,4000,3,1,,,1000,1,graphics/icons/cargo/goods.png,ui_cargo_goods,ui_cargo_goods_drop,5,2.3,200,1000,MEDIUM,,1,,
,,,,,,,,,,,,,,,,,,,,,,
Harvested Organs,organs,organs,600,4000,3,1,,"medical, expensive",1000,1,graphics/icons/cargo/organs.png,ui_cargo_organs,ui_cargo_organs_drop,4,2.4,200,100,MEDIUM,,0.7,,
Recreational Drugs,drugs,drugs,400,3000,3,1,,expensive,1000,1,graphics/icons/cargo/recdrugs.png,ui_cargo_drugs,ui_cargo_drugs_drop,3,2.5,200,500,MEDIUM,,0.75,,
Heavy Armaments,hand_weapons,hand_weapons,1000,4000,3,1,,military,1000,1,graphics/icons/cargo/heavyweapons.png,ui_cargo_handweapons,ui_cargo_handweapons_drop,2,2.6,100,200,HIGH,,1,,
Luxury Goods,luxury_goods,luxury_goods,200,5000,3,1,,"luxury, expensive",1000,1,graphics/icons/cargo/luxurygoods.png,ui_cargo_luxury,ui_cargo_luxury_drop,1,2.7,200,500,MEDIUM,,1,,
Volturnian Lobster,lobster,luxury_goods,,,,1,volturn,"exotic, luxury, expensive",1000,1,graphics/icons/cargo/lobster.png,ui_cargo_volturn_lobster,ui_cargo_volturn_lobster_drop,1.1,2.8,200,500,,,1,,
,,,,,,,,,,,,,,,,,,,,,,
AI Cores,ai_cores,ai_cores,5000,,0,1,,"nonecon, ai_core",1000,1,graphics/icons/cargo/ai_core_gamma.png,ai_core_pickup,ui_fighter_drop,30,,,,,,1,,
Survey Data,survey_data,survey_data,10000,,0,1,,nonecon,1000,1,graphics/icons/cargo/survey_data.png,ui_chip_pickup,ui_modspec_drop,50,,,,,,1,,
,,,,,,,,,,,,,,,,,,,,,,
Alpha Core,alpha_core,ai_cores,,,0,100,,"nonecon, ai_core, no_loss_from_combat",1000,1,graphics/icons/cargo/ai_core_alpha.png,ai_core_pickup,ui_alpha_core_drop,40,,,,HIGH,,1,,
Beta Core,beta_core,ai_cores,,,0,50,,"nonecon, ai_core, no_loss_from_combat",1000,1,graphics/icons/cargo/ai_core_beta.png,ai_core_pickup,ui_beta_core_drop,39,,,,HIGH,,1,,
Gamma Core,gamma_core,ai_cores,,,0,10,,"nonecon, ai_core, no_loss_from_combat",1000,1,graphics/icons/cargo/ai_core_gamma.png,ai_core_pickup,ui_gamma_core_drop,38,,,,HIGH,,1,,
,,,,,,,,,,,,,,,,,,,,,,
Class I Survey Data,survey_data_1,survey_data,,,0,1,,"nonecon, no_loss_from_combat",1000,1,graphics/icons/cargo/survey_data1.png,ui_chip_pickup,ui_modspec_drop,45,,,,,,1,,
Class II Survey Data,survey_data_2,survey_data,,,0,5,,"nonecon, no_loss_from_combat",1000,1,graphics/icons/cargo/survey_data2.png,ui_chip_pickup,ui_modspec_drop,46,,,,,,1,,
Class III Survey Data,survey_data_3,survey_data,,,0,10,,"nonecon, no_loss_from_combat",1000,1,graphics/icons/cargo/survey_data3.png,ui_chip_pickup,ui_modspec_drop,47,,,,,,1,,
Class IV Survey Data,survey_data_4,survey_data,,,0,20,,"nonecon, no_loss_from_combat",1000,1,graphics/icons/cargo/survey_data4.png,ui_chip_pickup,ui_modspec_drop,48,,,,,,1,,
Class V Survey Data,survey_data_5,survey_data,,,0,30,,"nonecon, no_loss_from_combat",1000,1,graphics/icons/cargo/survey_data5.png,ui_chip_pickup,ui_modspec_drop,49,,,,,,1,,
,,,,,,,,,,,,,,,,,,,,,,
Ship Hulls & Weapons,ships,ships,100,2000,3,1,,meta,1000,1,graphics/ships/hound/hound_base.png,,,10,4,200,800,,,1,,