id,type,text1,text2,text3,text4,notes
miningblaster,WEAPON,"The miner's best friend, this weapon can deliver pulverizing bolts of energy at medium range, albeit at extreme cost in flux.",,,,
brilliant,SHIP,"A remnant of the autonomous AI fleets developed by the Tri-Tachyon Corporation. Illegal under Domain (and Hegemony) law, and an abomination to the Church of Galactic Redemption, the First AI War saw these creations purged from the Sector. At least that is how the official histories tell it.

Typical of high-end TriTachyon products, the Brilliant-class cruiser spares no excess in mounting the most advanced suite of energy weaponry possible - as well as a small but fully capable fighter bay considered essential to facilitate inspection tours by potential buyers. There is little to see however because, typical of autonomous ships, there are no concessions made for human life support or even bodily access. Repairs are carried out by a swarm semi-intelligent utility drones which travel via zero-atmosphere conduits wormed through the ship's mass. ",,,,
,,,,,,
warthog,SHIP,"Boasting superb armor and firepower, the Warthog is capable of trading blows with larger ships, but lacks shield-breaking weapons.",,,,
,,,,,,
drone_strike,SHIP_SYSTEM,"Supercharges one of the Terminator drones with a brief energy transfer. The drone tracks a nearby target like a missile, dealing massive area damage on impact.",Offensive,"Supercharges one of the Terminator drones and sends it after a target. The drone deals 2400 Energy damage and 1200 EMP damage on impact, and charging it generates 1200 flux.",2400 Energy | 1200 EMP | 1200,
,,,,,,
damper_omega,SHIP_SYSTEM,"Briefly activates an entropy-dampening field that halves all damage taken and all flux generated, and rapidly repairs all disabled engines and weapons.",Defensive,"Briefly activates an entropy-dampening field that halves all damage taken and all flux generated, and rapidly repairs all disabled engines and weapons. Disables shields.",,
,,,,,,
grendel,SHIP,"An ill-fated design from the start, the Wendigo was originally planned as a heavy phase droneship. Casualties would be irrelevant and routine damage anticipated, for this ship is a brawler which can phase-shift through a first wave of hostile ordnance to appear in the midst of the enemy battle line ready to unleash missiles and heavy firepower. The trick is, of course, performing this maneuver safely by carefully juggling flux-load and positioning, though its service record demonstrates that nothing is particularly safe about the Wendigo.

The brainchild of an eccentric admiral who managed to capture procurement authority over an entire frontier sector, the first prototypes were installed with low-level AI core commanders. The AIs became rapidly unstable, even erratic, after only a handful of phase shifts. Subsequently, the precise details of these experiments were suppressed by an obscure intelligence ministry of the Domain and the project saved only by the admiral's personal intervention. With AI unsuitable, the next best disposable resource was tapped, and the Grendel saw its first combat service on the far fringes crewed almost entirely by Domain Armada penal battalions.",,,,