{
	"combatSmall":{
		"monitor_Pather":0,
		"omen_Support":0,
		"tempest_Support":0,
		"wayfarer_Starting":0,
	},
	"combatMedium":{	
		"enforcer_Basic":0,
		"enforcer_Hierophant":0,
	},
	"combatLarge":{	
		"falcon_Pather":0,
		"champion_Pather":0,
		"eagle_Pather":0,
		"gryphon_Pather":0,
		"dominator_Pather":0,
		"apogee_Pather":0,
		"fury_Pather":0,
		"grendel_Pather":0,
		
		"dominator_Outdated":0,
		"dominator_Hierophant":0,
	},
	"combatCapital":{
		"pegasus_Pather":0,
		"paragon_Pather":0,
		"retribution_Pather":0,
		"odyssey_Pather":0,
		
		"invictus_Traditional":0,
		"retribution_Traditional":0,
	},
	"combatFreighterSmall":{
		"wayfarer_Pather":0,
	},
	"carrierSmall":{
		"drover_Strike":5,
		"drover_Attack":5,
	},
	"carrierMedium":{
		"heron_Pather":0,
		"mora_Pather":0,
	},
	"carrierLarge":{
		"legion_Pather":0,
	},
	"phaseLarge":{
		"doom_Pather":0,
	},
}
