{
	"starSystem":"abin_cresc",
	"markets":[
		{
			"entities":["denyza"],
			"faction":"luddic_church",
			"size":7,
			"startingConditions":[
				"luddic_majority",
				"population_7",
				"farmland_bountiful",
				"rare_ore_moderate",
				"ore_abundant",
				"extreme_tectonic_activity",
				"habitable",
			],
			"industries":[
				"population",
				"megaport",
				"farming",
				"lightindustry",
				["commerce", "dealmaker_holosuite"],
				"starfortress",
				"heavybatteries",
				"patrolhq",
			],
		},
		{
			"entities":["maronia"],
			"faction":"independent",
			"freePort":true,
			"size":5,
			"startingConditions":[
				"population_5",
				"decivilized_subpop",
				"ruins_extensive",
				"rare_ore_abundant",
				"ore_moderate",
				"no_atmosphere",
			],
			"industries":[
				"population",
				"megaport",
				"mining",
				"techmining",
				"battlestation_high",
				"heavybatteries",
				"militarybase",
			],
		},
		],
}



