{
	"starSystem":"isirah",
	"markets":[
		{
			"entities":["laicaille_habitat"],
			"faction":"persean",
			"size":5,
			"startingConditions":[
				"population_5",
				"tough_station",
			],
			"industries":[
				"population",
				"megaport",
				"lightindustry",
				"commerce",
				"battlestation",
				"heavybatteries",
				"militarybase",
			],
		},
		{
			"entities":["station_kapteyn"],
			"faction":"pirates",
			"size":5,
			"freePort":true,
			"startingConditions":[
				"population_5",
				"irradiated",
				"ore_abundant",
				"rare_ore_rich",
			],
			"industries":[
				"population",
				"megaport",
				"mining",
				"refining",
				["orbitalworks", "corrupted_nanoforge"],
				"battlestation_high",
				"heavybatteries",
				"patrolhq",
			],
		},
	]
}



