{
	"starSystemLocations":{
		"cappuccino":[-8000,7400],

		"syzygy":[-20000,-8400],
		"vancouver":[-24500,-8800],
		"moronia":[-19000,-11200],
		"abin_cresc":[-26000,-6500],
		
		"morokoon":[-35000, 14400],
		"no_bono":[-33800, 11800],
		"bzabzen":[-31800, 16500],
		"vobo":[-36800, 19000],
		
		"generosity":[14500,21000],
		"horozit":[15500,18000],
		"fanvorita":[25500,12000],
		"oppenheimer":[22500,13000],
		
		"deathcon":[30100,-18000],
		
		"parkapec":[-5200,-27500],
		"gigno_oropara":[-8200,-30200],
		"rednick":[-6200,-31200],
	}
}