{
	"starSystem":"morokoon",
	"markets":[
		{
			"entities":["gyas_a"],
			"faction":"sindrian_diktat",
			"freePort":false,
			"size":3,
			"startingConditions":[
				"population_3",
				"rare_ore_rich",
				"ore_ultrarich",
				"volatiles_abundant",
				"organics_abundant",
				"toxic_atmosphere",
				"very_hot",
				"high_gravity",
			],
			"industries":[
				"population",
				"spaceport",
				"mining",
				"heavybatteries",
			],
		},
		{
			"entities":["yendore"],
			"faction":"persean",
			"size":6,
			"startingConditions":[
				"population_6",
				"decivilized_subpop",
				"ruins_widespread",
				"rare_ore_moderate",
				"ore_sparse",
				"hot",
				"habitable",
				"familiar_hot",
			],
			"industries":[
				"population",
				"megaport",
				"mining",
				"techmining",
				"commerce",
				"battlestation_high",
				"heavybatteries",
				"militarybase",
			],
		},
		{
			"entities":["frozone_a"],
			"faction":"persean",
			"size":5,
			"freePort":true,
			"startingConditions":[
				"population_5",
				"rare_ore_moderate",
				"volatiles_diffuse",
				"organics_common",
				"poor_light",
				"thin_atmosphere",
			],
			"industries":[
				"population",
				"megaport",
				"mining",
				"lightindustry",
				"commerce",
				"battlestation_high",
				"heavybatteries",
				"patrolhq",
			],
		},
		],
}



