id,type,text1,text2,text3,text4,notes
bricky_tanngrisnir,SHIP,"Designed by an ancient fruitcake-themed company Mithril, nicknamed after a material from a famous science-fiction series known as the Lord of the Annelids. Is a powerful capital ship designated for creating a favourable battlefield for the rest of its associates. It was never completed. And rested only as a prototype until the Collapse where it was successfully revived by Kazeron's efforts to reinforce its fringe-operating navies.

Hegemony officers describe their encounters with Mithril to be extremely annoying. Any form of missile or fighter presence is immediately shut down. However the lack of offensive capabilities and a huge logistical profile is felt. The ship burns a significant amount of fuel being equipped with a dated engine model.

Mithril was especially noticed during the AI Wars according to certain high profile Hegemony admirals. However this was later revealed to be an urban legend propagated by Chicomoztoc's internet society in order to troll high command.",,,,
,,,,,,
sequence_sequence,SHIP,"Dweeby fighter, no one knows where it came from. A blueprint was found abandoned in a ditch somewhere on Chicomoztoc and then put into an archive to be never used by arrogant Hegemony admirals. The fighter was then stolen by Tri-Tachyon which had zero interest in it. And then it finally made its way to independent polities. And eventually landed in the hands of the Persean League.",,,,
sequence_harpoon,WEAPON,Greatly improbable mechanism operates by exploiting a colony of methane-liquid inhabiting microorganisms of greatly asymmetrical to human biology.,,,,
,,,,,,
hellrosepod,WEAPON,"A dumb piece of dogshit that attempts to acquire a target and then launch a stream of neutrons to overload its shields. Serves really well, but the guidance system is non-present, because the missile releases such a devastating payload that it rips itself apart in the process.

There is a long and elaborate story behind the Hellrose's creation. It was apparently developed by a corporation known as Vorobit Maxwell, which was quickly bought out by Tri-Tachyon. All of its projects were suspended. And then its HQ ceased communication with the outside world. Ten years later it was found abandoned. And twenty years later it was doubted if the company even existed in the first place.",,,,
,,,,,,
enforcer_snowball,SHIP,They say the reason this thing exists is out of spite. The fungal-like ball of blue and white that traverses space unstopped. With weapons of bolts rather than bullets. And it destroys. And seeks. And ends. This creation. Unending in its form. Unending in its ridiculousness. Those many fear its presence. Yes. They do. Because it is here. It is here to represent progress. It is here to show that no one is safe from the gruelling march of economy-born diversification. As long as there are people on planets. Things will change. And they always turn faster towards fearful than known.,,,,
,,,,,,
,,,,,,
dead_gate,WEAPON,"The appearance of the weapon seems to be entirely superficial with complex impossible to comprehend machinery working to create miracles beneath. Whatever nightmare this is, it has appeared in the Persean Sector without anyone having any knowledge about it. Seemingly out of thin air. Creating much speculation among all the major factions on the exact nature of its existence.",,,,"Large cascading emitter that seems to be summoning an image of a world far past its maximum expansion limit causing the destruction of all atomic structures via whatever forces that seem to fuel it.

And you know that how?

There was a manual. And a blind man told me.

- dialogue between two anonymous Luddic Church individuals exploring deep volumes of space"
coagulator,WEAPON,"The appearance of the weapon seems to be entirely superficial with complex impossible to comprehend machinery working to create miracles beneath. Whatever nightmare this is, it has appeared in the Persean Sector without anyone having any knowledge about it. Seemingly out of thin air. Creating much speculation among all the major factions on the exact nature of its existence.",,,,"This is commander Hakoota making a note. I have found a strange device that is capable of apparently gathering non-detectable entities via some sort of a gravitational anomaly. At least according to my limited understanding of physics. Make sure to notify High Hegemon of this immediately after returning to Chicomoztoc.

- recently declassified Hegemony report ""0.98 CODENAME CORRUPTOR"""
g_wave_inducer,WEAPON,"The appearance of the weapon seems to be entirely superficial with complex impossible to comprehend machinery working to create miracles beneath. Whatever nightmare this is, it has appeared in the Persean Sector without anyone having any knowledge about it. Seemingly out of thin air. Creating much speculation among all the major factions on the exact nature of its existence.",,,,"Well, it seems to be colliding black holes with each other to produce directional waves through reality that tear apart any armour structure with ease. The fortunate news is that shields seem to be kinda good at absorbing this. But the sheer volume of projectiles should make quick work of those.

- captured Persean League technician explaining the mechanics of the weapon to a bunch of pirates"
antigun,WEAPON,"The appearance of the weapon seems to be entirely superficial with complex impossible to comprehend machinery working to create miracles beneath. Whatever nightmare this is, it has appeared in the Persean Sector without anyone having any knowledge about it. Seemingly out of thin air. Creating much speculation among all the major factions on the exact nature of its existence.",,,,"This weapon utilises some sort of a weird web. Spider web? To launch needles. Not needles like a needler. Actual sharp needles. Like the one you would find growing on a cacti or a porcupine. Well, that's the closest analogue I have to that at least. And the dumbest thing is that the web is so thin, eloquent and durable. That the first time I saw the mechanism I was confused beyond belief. Because it's literally invisible. Also, make sure to not walk into it, cause it'll cut you into seventeen pieces.

- unknown member of indpendent polities"
