id,trigger,conditions,script,text,options,notes
flavorTextMarketDenyza,TradePanelFlavorText,"$global.tradePanelMode == MARKET
$faction.id == luddic_church
$market.id == denyza score:100","AddText ""Gentle black dot covered the sun in the sky. As the market around was a swarm of white tents with wondrous patterns. The sound of music occasionally reached your ears from far away. But what mostly dominated the soundscape were gentle talks in unknown to you languages. Chirping of birds. And the constant tinnitus-like noise of crickets. Taking place in uncut tall grass."" marketFlavorTextColor",,,
flavorTextMarketNew_Char,TradePanelFlavorText,"$global.tradePanelMode == MARKET
$faction.id == hegemony
$market.id == new_char score:100","AddText ""Enormous superstructure suspended over a lava lake glew gently in the dark of volcanism induced darkness. As ash and smoke went upwards and raced across the sky. The sunlight of the defyingly staring sun was intense. Requiring heat-resistant armour. The ships travelling into the structure were carefully observed by a network of patrolling drones. Their shields flickering red in the calming glow."" marketFlavorTextColor",,,
,,,,,,
flavorTextMarketYendore,TradePanelFlavorText,"$global.tradePanelMode == MARKET
$faction.id == persean
$market.id == yendore score:100","AddText ""White sands went on forever. Trading took place over endless dunes near artificial lakes of some crude synthetic liquid. With large endless lines of buildings that during the day hid from the obnoxious heat. And then danced with activity during the night. Persean League ships were parked high up in the sky. Their dark presence looking out for possible attackers."" marketFlavorTextColor",,,
flavorTextMarketNew_Bebop,TradePanelFlavorText,"$global.tradePanelMode == MARKET
$faction.id == luddic_church
$market.id == new_bebop score:100","AddText ""Structures suspended in New Bebop's atmosphere were golden and white. Floundering their wealth to the miners that worked tirelessly to sustain its massive economy. Luddic Church observers stood there, drinking tea farmed on those structures in infinite black-coloured gardens. As those leafs were very much alien to those of Earth in biology. But nonetheless incredibly delicious. And smelling wonderfully."" marketFlavorTextColor",,,
,,,,,,
flavorTextMarketDiktatLamar,TradePanelFlavorText,"$global.tradePanelMode == MARKET
$faction.id == hegemony
$market.id == lamar score:100","AddText ""The surface was hidden in incredible atmosphere of constant dark yellow haze. The sunlight barely reaching the planet's surface. You moved in piercing cold. Occasionally stepping in a puddle of black strangely moving liquid. The domes in which people lived were white and buried into the grain. They had odd-looking tiny windows that served more of a defensive role than that of raising the mood of their inhabitants. Considering there was nothing to see about here anyway."" marketFlavorTextColor

AddText ""You could hear ships moving far up in this. Sometimes. Very rarely. Maybe an engine's glow hiding up there, being heavily diffused."" marketFlavorTextColor",,,
,,,,,,
flavorTextMarketWunderschnitzer,TradePanelFlavorText,"$global.tradePanelMode == MARKET
$faction.id == pirates
$market.id == wunderschnitzer score:100","AddText ""Endless superstructures went down and down into more calm parts of the crust. But they were merely giant power plants that fuelled the enormous cities that were eclipsed by the ambient glow of lava rivers that infested the planet. Readily available energy built a society that constantly played holovid games, watched movies and made many wonderful domiciles. But in the end they all were merely trying to evade the fear of the local polities. Which were as horrifying in their nature. As death itself. In fact death would be often more kind than them."" marketFlavorTextColor",,,
flavorTextMarketMeridia,TradePanelFlavorText,"$global.tradePanelMode == MARKET
$faction.id == tritachyon
$market.id == meridia score:100","AddText ""Station's huge embrace housed within itself enormous halls that served as platforms for large structures to be built in. They were white and shining intensely in the industrial light. Their innards containing illogical markets filled with neon signs and individuals of various colours."" marketFlavorTextColor

AddText ""The enormous black hole with its burning accretion disc was seen smiling behind a large window of the station. Its majestic presence filling newcomers with dread. As it devoured worlds worth of matter across an eternity. Pushing the universe towards destruction. Or maybe preventing its downfall against the tide of dark energy."" marketFlavorTextColor",,,
flavorTextMarketRobert_Gailer,TradePanelFlavorText,"$global.tradePanelMode == MARKET
$faction.id == pirates
$market.id == robert_gailer score:100","AddText ""Mobile cities on enormous tracks moved across an endless desert once a generation. Their structures on the inside enormous. Powered by antimatter fuel. They rested now. Hopefully to see another slight shift in the position of the sun in the sky. The ridiculousness did not have however equal to strength. And looking at them you could just imagine how easy they were to bomb. Gentle giants. Housing tens of thousands of people. Their cities dirty, bitter. But filled with soul. The definition of the state of being alive."" marketFlavorTextColor",,,
,,,,,,
flavorTextMarketGumbat,TradePanelFlavorText,"$global.tradePanelMode == MARKET
$faction.id == tritachyon
$market.id == gumbat score:100","AddText ""Endless skies went on and on. As the luxurious cities attached to incredible balloons floated above it all. Deep down you could imagine the slums. Patrolling in their disconnected presence around. Like rabid animals searching for food in a defeated landscape."" marketFlavorTextColor

AddText ""On the inside the place was wonderous. Short stone structures peeking out into cool temperatures of twenty degrees with weak winds sometimes pushing things about. Long, endless streets. With shops, restaurants, cafes. Statues of wealth. Connected via magnetism boxes or orbs that moved invisibly. Very slowly. Turning into different creations."" marketFlavorTextColor",,,
flavorTextMarketTonderilla,TradePanelFlavorText,"$global.tradePanelMode == MARKET
$faction.id == luddic_path
$market.id == tonderilla score:100","AddText ""Built by Pather engineers who have spent their life dedicating themselves to the work of those who they wish to defeat. The massive black boxes that absorbed the light and then gave power to those living in them were absolutely sacred in their design. Their engineering was incomprehensively beautiful. With every detail of theirs being attuned towards absolute efficiency and aesthetic competency."" marketFlavorTextColor

AddText ""And above all that lurked ships. They basked in the sunlight like alligators in the ancient legendary river of Nile."" marketFlavorTextColor",,,
,,,,,,
flavorTextMarketTiny_Person,TradePanelFlavorText,"$global.tradePanelMode == MARKET
$faction.id == hegemony
$market.id == tiny_person score:100","AddText ""Illogical waves were a bit of a hazard. They climbed tall and hit random objects with some power. Not humongous, because of lacklustre momentum. But they were a bit horrifying. And they could damage valuable equipment. The best part about them however was the fact that they were very lacking in salt. The extreme core at the bottom of the planet was of non-interactive material that just sat there. What it was had been a bit of a mystery. Something that was meant to be investigated but never was due to the Collapse."" marketFlavorTextColor

AddText ""Large beautiful settlements of sort that danced in green, blue and orange colours. Like paintings born of drug-induced visions were tied in a tight pattern on the planet's transparent surface. Interrupted occasionally by enormous defense orbs ready to strike down whoever dared to approach with evil intent."" marketFlavorTextColor",,,
flavorTextMarketGrabuz,TradePanelFlavorText,"$global.tradePanelMode == MARKET
$faction.id == pirates
$market.id == grabuz score:100","AddText ""The market was strange, filled with pornographic materials of various kinds. Though what was the most surprising was the fact that Grabuz very much respected the Domain's age of consent and had even several stronger laws enacted to protect minors from exploitation. This was apparently born of some idiotic maneuvers performed by one of the larger leaders in the past. Trying to use the situation in his favour. Then it backfiring in his face. Leading to a revolution in which he died. And then the local polities finally making a unified decision on something."" marketFlavorTextColor

AddText ""The overall atmosphere was cold and dim. With green and blue neons shining in the absolute vivid nightmarish darkness of the planet. Collections of diamonds. Holovids. And newspapers were displayed on short markets. With people young and old looking equally miserable talking in hush hush tones about things you couldn't even imagine. As they were that incomprehensive and layered within inside jokes of the local planetary society."" marketFlavorTextColor",,,
,,,,,,
flavorTextMarketBrumingham,TradePanelFlavorText,"$global.tradePanelMode == MARKET
$faction.id == luddic_church
$market.id == brumingham score:100","AddText ""Few supercities that were barely visible from orbit due to regulations on light pollution were the core of the local population's economy. And they were there. Tall and positively glowing. With among other things, militaristic zeal. Luddic Church and the population of old here have one thing in common. Fear of the outside world. Which can be reflected in their endless armaments. Large defensive structures placed haphazardly seemingly everywhere. Bunkers. Both under the ground and above it."" marketFlavorTextColor

AddText ""But there was some self-awareness to it. And those were often of quite interesting practicality. What however interrupted this pursuit were the lacklustre economic gains. Caused by Luddic Church's pursuit of traditional values over growth. Leading to not as many industries as there should be being born over time. In spite of a large population of consumers just waiting to be satiated."" marketFlavorTextColor",,,
,,,,,,
flavorTextMarketgyas_a,TradePanelFlavorText,"$global.tradePanelMode == MARKET
$faction.id == sindrian_diktat
$market.id == gyas_a score:100","AddText ""Large monstrous heavily shielded stations more reminiscent to black kidney stones than a human structure moved rapidly with the winds. Shifting their weight. Their scientific inquiry was nigh impossible to comprehend in a short sentence. Representing peak of Domain technology being recreated for the sake of a primitive concept."" marketFlavorTextColor

AddText ""These titanic structures served as habitats for a varied society of indentured servants. Convicts put to work. Soldiers training for a possible future war. Seemingly amoral scientists. And officials enjoying the exotic climate of living here."" marketFlavorTextColor",,,
flavorTextMarketFameless,TradePanelFlavorText,"$global.tradePanelMode == MARKET
$faction.id == sindrian_diktat
$market.id == fameless score:100","AddText ""Black industrial palaces spewing toxic smoke were spread throughout the planet in an attempt to produce goods that would be exported to all the meaningful planets of the Persean Sector. The economy here was the first and foremost priority. With indentured servants, convict labourers and non-existent minimum wage blank operators being present all about."" marketFlavorTextColor

AddText ""The only anomaly of this world that differentiated it from the other Sindrian Diktat colonies beyond the local climate was the strange operations of massive holovid companies. Making subtle propaganda programming to make the youth remain loyal to the authoritarian regime in power. At all costs. Serving the whole in a fascist dystopia. Especially enforced in the massive esports scene. And mmorpg games. Where every person had a role. And swaying away towards individuality was highly frowned upon."" marketFlavorTextColor",,,
flavorTextMarketplanet_null,TradePanelFlavorText,"$global.tradePanelMode == MARKET
$faction.id == persean
$market.id == planet_null score:100","AddText ""Amazing underground terraces that were shined upon by lava rivers. The heat powered the local society. Creating a massive supercity that formed the capital of the planet. Being unique in that no other habitat here worked this way. Being either smaller or less precise. It is obvious that whatever power made this possible is no longer about."" marketFlavorTextColor

AddText ""The economy was strange. Mostly living of mining and an amazing holovid industry that had epic craftsmen creating CGI effects for certain studios within the Yendore's Domain. These would be a bit more morally flexible in their subjects. Making movies that did not dare to speak against the local superpower. Unlike those of the Kazeron's vicinity. Which often did."" marketFlavorTextColor",,,
,,,,,,
flavorTextMarketfrozone_a,TradePanelFlavorText,"$global.tradePanelMode == MARKET
$faction.id == persean
$market.id == frozone_a score:100","AddText ""The markets were sprawling and tall. Built within the ice. They were surrounded from all directions by concrete surfaces that sometimes entered the enormous within-ice halls. The oceans beneath were a neat place for tourists to explore in rented bathyscapes. The unknown lied there to be forever unknown. As infinity it was could simply not be fully explored. Ever. Not with the resources available since after the Collapse."" marketFlavorTextColor",,,"AddText ""Once Buddhist temples built across a hundred years by the past inhabitants. Celebrating their independence from the rest of the horrid shitshow that was the Persean Sector. Through their cultural uniqueness. Were now transformed into corporate domiciles. Of CEOs coming here for a calming vacation."" marketFlavorTextColor

AddText ""The markets were sprawling and tall. Built within the ice. They were surrounded from all directions by concrete surfaces that sometimes entered the enormous within-ice halls. The oceans beneath were a neat place for tourists to explore in rented bathyscapes. The unknown lied there to be forever unknown. As infinity it was could simply not be fully explored. Ever. Not with the resources available since after the Collapse."" marketFlavorTextColor"
flavorTextMarketGagner,TradePanelFlavorText,"$global.tradePanelMode == MARKET
$faction.id == luddic_church
$market.id == gagner score:100","AddText ""Enormous structures towered over the dead landscape. Resting over it like titans taking a sitting nap. These were mighty industrial palaces that were still active nowadays. Doing their job. Slowly albeit firmly."" marketFlavorTextColor

AddText ""On the inside the Luddic Church markets seemed like any other markets in the Persean Sector. Networks of shops with glowing signs. The only thing that would reveal the inherent power of CGR holding over this place was the fact that many goods typically found elsewhere. Were simply illegal here. One of them were virtual reality helmets. The other ones were to some basic medicine that involved nanomachinery."" marketFlavorTextColor",,,
flavorTextMarketMemory,TradePanelFlavorText,"$global.tradePanelMode == MARKET
$faction.id == tritachyon
$market.id == memory score:100","AddText ""Tri-Tachyon operatives could be seen moving as shadows in the nowhere void of the absolutely hostile landscape. The thin atmosphere barely visible did not disrupt the starry night sky or the simplistic presence of the brown dwarf."" marketFlavorTextColor

AddText ""The inner markets were vivid and complex. Large organic shapes moved around, entering every nook and cranny. Perfectly planned. Cables interconnecting incredible businesses. Observing and typing about things going on far far away or closer home."" marketFlavorTextColor",,,
,,,,,,
flavorTextMarketMaronia,TradePanelFlavorText,"$global.tradePanelMode == MARKET
$faction.id == independent
$market.id == maronia score:100","AddText ""Trade took place at the highest levels of tall towers. Difficult to reach from the ground or by snipers. Or bombs. Or anything. They were observed from further up by angrily looking combat shuttles. An occasional fighter passing by a bit away. And moving quickly. As sonic booms were no issue on a planet with no atmosphere."" marketFlavorTextColor

AddText ""Lower levels were occupied by stockpiles. Military training grounds. Observation facilities. Industrial manufacturies. Etc. With what used to be simple housing for common individuals. Being remade into a military fortress."" marketFlavorTextColor",,,
flavorTextMarketDeath_Lord,TradePanelFlavorText,"$global.tradePanelMode == MARKET
$faction.id == independent
$market.id == death_lord score:100","AddText ""Black dangerous orbs of power were to rise from the abyss and wander around like spectres of the ancient past. Long gone by. But still about in mysterious ways. Their power immense. They were often protected by plasma shields that worked against pressure or radiation going about."" marketFlavorTextColor",,,
flavorTextMarketOrbinoptic,TradePanelFlavorText,"$global.tradePanelMode == MARKET
$faction.id == luddic_church
$market.id == orbinoptic score:100","AddText ""The incredible distance from the Core Worlds has greatly diverged the local culture towards paths unknown. Still very much Luddic. The inhabitants of Orbinoptic had a fairly different interpretation of the Collapse. It being the result not of Ludd only. But also an intervention from a higher force referred to as Omega."" marketFlavorTextColor

AddText ""There were also some minor architectural differences. Having encountered Automated Fleets deployed by Tri-Tachyon. Without the context of AI Wars, they have interpreted them as aliens. And thus mystified them in their beliefs. Inclusion of their visual appearance was common within their paintings, holovids, etc. The image of a turquoise bowl could be often seen on markets. As a symbol of long-term prosperity or intellect."" marketFlavorTextColor",,,
,,,,,,
flavorTextMarketBroken_Bone,TradePanelFlavorText,"$global.tradePanelMode == MARKET
$faction.id == tritachyon
$market.id == broken_bone score:100","AddText ""Trading took place in a large building hidden mostly inside the deep rock. A few distant ancient volcanism tunnels formed domiciles for operators here. With a sudden tall megastructure eating the light with decrepit solar panels coming out of nowhere to surprise the viewer. Places like these were deeply protected by Tri-Tachyon. Even if they did not have much wealth to them. For their cultural significance."" marketFlavorTextColor",,,
flavorTextMarketRippers_Morld,TradePanelFlavorText,"$global.tradePanelMode == MARKET
$faction.id == tritachyon
$market.id == rippers_morld score:100","AddText ""Gentle rains and covered up presence of the incredible purple giant were of a dominating hope-defeating character. Marking the end of logicality within the mind of an average uninformed human being. The planet's mantle was filled with toxic metals and the atmosphere was highly annoying to deal with. Due to it being pointless. Only preventing the ocean from boiling away. But not allowing for any normal habitats to be established."" marketFlavorTextColor

AddText ""Nonetheless humanity flourished here. Constant bitter chatter in unnaturally polite tones went on and on in the atmosphere. With beautiful high tech skiffs and shuttles moving about the flushing landscape."" marketFlavorTextColor",,,
,,,,,,
flavorTextMarketKazeron,TradePanelFlavorText,"$global.tradePanelMode == MARKET
$faction.id == persean
$market.id == kazeron score:100","AddText ""An astonishing tune of hollow emptiness plays in your head as you watch the enormous structures all around. Emerging from the landscape like silver hair growing from the back of some mythical beast. The grandness of Kazeron was that to look at and be afraid. An utter display of human spirit's strength. Even in the face of absolutely dark universe."" marketFlavorTextColor",,,
flavorTextMarketSkoll,TradePanelFlavorText,"$global.tradePanelMode == MARKET
$faction.id == pirates
$market.id == skoll score:100","AddText ""Smell of burning corpses occasionally filled the station as odd things were going on in its internal power. The Skoll's strength was built on brutality and desperation. Creating a society of completely deranged militarists that sometimes hid behind a bit more noble things. That very often were outside their primitive understanding."" marketFlavorTextColor",,,
flavorTextMarketChicomoztoc,TradePanelFlavorText,"$global.tradePanelMode == MARKET
$faction.id == hegemony
$market.id == chicomoztoc score:100","AddText ""Seemingly arbitrarily complex displays of texts in alien to you languages were about. With restaurants serving food born of the only several hundred years old culture. The military vessels were sparse. The Hegemony presence limited. An occasional orange-dressed individual that could have been just as well estranged youth posing as the military. The cultural darkness of this planet was immense. Comparable to that of a black hole."" marketFlavorTextColor",,,
flavorTextMarketUmbra,TradePanelFlavorText,"$global.tradePanelMode == MARKET
$faction.id == pirates
$market.id == umbra score:100","AddText ""The power of ARC council mixed in with revolutionaries from all around the Persean Sector created a wacky culture that rose heavily against the Sindrian Diktat regime. Andrada was spited here to the absolute infinite deserved extreme. With military vessels being manufactured daily. And people being trained against every single trick in the book Sindrian Diktat would deploy against them. In the end however you could see past the facade. Hope was here. Sure, but it was like a paper plane being thrown against desert winds."" marketFlavorTextColor",,,
flavorTextMarketNomios,TradePanelFlavorText,"$global.tradePanelMode == MARKET
$faction.id == independent
$market.id == nomios score:100","AddText ""Blue neon patterns and heavily defended underground bunkers that went on and on all the way to the slightly hot mantle of the planet created a sense of unease. The overwhelming darkness was not only present literally. But also figuratively. As texts, newspapers. People. Talked to one another about things that made no sense at all to an average member of the Persean Sector. Though to be honest. All cultures of some size eventually get buried in their own little beliefs. Growing more and more isolated the bigger they are. Icebergs drifting away from the Arctic."" marketFlavorTextColor",,,
flavorTextMarketVolturn,TradePanelFlavorText,"$global.tradePanelMode == MARKET
$faction.id == sindrian_diktat
$market.id == volturn score:100","AddText ""Stable albeit nightmarish in scale cities went all the way to the horizon where you landed. And beneath all that were apparently massive top-secret military facilities. And even lower something else entirely. Layers upon layers of mischief. Darkness unending. Complete and utter disarray born from a government that refuses to ever take responsibility for what it's doing. The true Sindrian Diktat establishment of power lied ahead of you. Like an unholy plain of several levels of hell."" marketFlavorTextColor",,,
flavorTextMarketSindria,TradePanelFlavorText,"$global.tradePanelMode == MARKET
$faction.id == sindrian_diktat
$market.id == sindria score:100","AddText ""Dark burning kennels of Sindrian hounds were all around the planet. They were all periodically released to fester in their corrupt presence in-between the hiding in plain sight vacuum occupying industrial facilities. Diktat was an omicron of hellish presence. Corrupting. Destroying. Churning out slop to devastate the Persean Sector with its malice. But on the inside it was actually quite aesthetically pleasing."" marketFlavorTextColor

AddText ""The red flavour always relating to its nationalist zeal paired with obsession with neoclassical patterns formed strange habitats within more taken care of establishments. But the actual mess most people resided in were nothing more but generic domiciles. And they all lived in misery. In constant fear of prosecution. Locked in-between an inescapable reality. And a merciless police enacting the regime's will."" marketFlavorTextColor",,,
,,,,,,
flavorTextMarketDiktatVolturn,TradePanelFlavorText,,"AddText ""The main port of Volturn is built on a flotilla of huge burned-looking barges wallowing in oily water. The smell of ozone and salt assaults you as you disembark. Offloading ship captains are processed by a dour Diktat logistics officer before being allowed to proceed to the public concourse. Traders in dull suits, Diktat pins dutifully displayed on the collar, pass around a datapad loaded with cargo manifests."" marketFlavorTextColor
AddText ""A flickering holoprojector displays a larger-than-life image of Admiral Andrada, the Lion of Sindria, flanked by Sindrian Diktat banners that could be waving in the sea wind. His commanding gaze is cast toward the gull-analogs circling above."" marketFlavorTextColor",,,
flavorTextMarketDiktatVolturnSneak,TradePanelFlavorText,,"AddText ""Your shuttle lands on an unsteady barge in the dirty backwater of one of the floating slums surrounding a half-submerged processing plant. The smell of ozone, salt, and human waste assaults you as soon as you disembark. The crumbling deck-tiles below you shift and roll off-phase with nearby structures, their vents and masts all askew. This effect, combined with the stench, is singularly nauseating. You hope that whatever ruse, favor, or deception you called upon to make this landing will prove worthwhile."" marketFlavorTextColor",,,
flavorTextMarketCryosanctum,TradePanelFlavorText,,"AddText ""The cavernous landing bays dwarf the few starcraft docked; sensors detect EM whispers from echelons of hidden, sleeping autoturrets, suggesting firepower far in excess of that necessary to ensure the good behavior of the few merchants, mercenaries, and rich eccentrics visiting the cryosanctum. An official meets offloading captains, extending the standard catalogue of cryosleep packages before escorting them to the visitors lounge."" marketFlavorTextColor",,,
flavorTextMarketPirateUmbra,TradePanelFlavorText,,"AddText ""Pirate vessels dock alongside equally battered warships sprayed with the revolutionary slogans of the Antis. The offloading bays mix the metallic tang of vacuum with strained life support and unwashed humanity. Cargo is inspected - and occasionally expropriated - by Section-leaders flanked by guards eyeing down the offloading spacer crew."" marketFlavorTextColor",,,