name,secondary,tags,parents,frequency,reusable
Semonia,,"planet, moon",Askonia,20,
Seia,,"planet, moon",Askonia,20,
Segetia,,"planet, moon",Askonia,20,
Tutilna,,"planet, moon",Askonia,20,
,,,,,
Old Vinny,,"planet, moon",Parkapec,20,
Young Xavier,,"planet, moon",Parkapec,20,
Deadly Joseph,,"planet, moon",Parkapec,20,
,,,,,
Moron's Finland,,"planet, moon",Moronia,20,
Moron's Sweden,,"planet, moon",Moronia,20,
Moron's Iceland,,"planet, moon",Moronia,20,
Moron's Switzerland,,"planet, moon",Moronia,20,
Moron's Netherlands,,"planet, moon",Moronia,20,
Moron's Norway,,"planet, moon",Moronia,20,
,,,,,
Etalyx,,"planet, moon",Oppenheimer,20,
Boo,,"planet, moon",Oppenheimer,20,
Burger Boy,,"planet, moon",Oppenheimer,20,
,,,,,
Caterpillar,,"planet, moon",Bzabzen,20,
Cockroach,,"planet, moon",Bzabzen,20,
Moth,,"planet, moon",Bzabzen,20,
Wasp,,"planet, moon",Bzabzen,20,
Rise of End,,"asteroid_belt, ring, magnetic_field",Bzabzen,20,
Rise of Negligence,,"asteroid_belt, ring, magnetic_field",Bzabzen,20,
,,,,,
Rise of Conclusions,,accretion,Deathcon,20,TRUE
,,,,,
Viva La Poro,,"planet, nebula, asteroid_field",Generosity,20,
Viva La Lulu,,"planet, nebula, asteroid_field",Generosity,20,
Viva La Morr,,"planet, nebula, asteroid_field",Generosity,20,
Viva La Tellure,,"planet, nebula, asteroid_field",Generosity,20,
Worthy One,,"planet, nebula, asteroid_field",Generosity,20,
Undying Champion,,"planet, nebula, asteroid_field",Generosity,20,
Concluded One,,"planet, nebula, asteroid_field",Generosity,20,
Subconscious Bias,,"planet, nebula, asteroid_field",Generosity,20,
Bell's Toll,,"asteroid_belt, ring, magnetic_field",Generosity,20,
Odd One's Out,,"asteroid_belt, ring, magnetic_field",Generosity,20,
Banished Children,,"asteroid_belt, ring, magnetic_field",Generosity,20,
$parent's Puss,,"asteroid_belt, ring, magnetic_field",Generosity,20,
$parent's Vomit,,"asteroid_belt, ring, magnetic_field",Generosity,20,
$parent's Neglect,,"asteroid_belt, ring, magnetic_field",Generosity,20,
,,,,,
Horowski,,planet,"Vancouver, Abin Cresc",20,
Cygaga,,planet,"Vancouver, Abin Cresc",20,
Netolanciaga,,planet,"Vancouver, Abin Cresc",20,
Der Wachowskim,,planet,"Vancouver, Abin Cresc",20,
The Odd One,,planet,"Vancouver, Abin Cresc",20,
Ratdog,,planet,"Vancouver, Abin Cresc",20,
Pancake,,planet,"Vancouver, Abin Cresc",20,
Thankless,,moon,"Vancouver, Abin Cresc",20,
Loveless,,moon,"Vancouver, Abin Cresc",20,
Mineless,,moon,"Vancouver, Abin Cresc",20,
Tiny Girl,,moon,"Vancouver, Abin Cresc",20,
Tiny Man,,moon,"Vancouver, Abin Cresc",20,
Tiny Dog,,moon,"Vancouver, Abin Cresc",20,
Higher Evil,,"asteroid_belt, ring, magnetic_field","Vancouver, Moronia, Abin Cresc",20,
$parent's Banhan,,"asteroid_belt, ring, magnetic_field","Vancouver, Moronia, Abin Cresc",20,
$parent's Migrants,,"asteroid_belt, ring, magnetic_field","Vancouver, Moronia, Abin Cresc",20,
Stones of Rot,,"asteroid_belt, ring, magnetic_field","Vancouver, Moronia, Abin Cresc",20,
$parent's Corpses,,"asteroid_belt, ring, magnetic_field","Vancouver, Moronia, Abin Cresc",20,
Obob,,"asteroid_belt, ring, magnetic_field","Vancouver, Moronia, Abin Cresc",20,
A Point,,"nebula, asteroid_field","Vancouver, Moronia, Abin Cresc",20,
A Probability,,"nebula, asteroid_field","Vancouver, Moronia, Abin Cresc",20,
A Devious Thing,,"nebula, asteroid_field","Vancouver, Moronia, Abin Cresc",20,
A Solemn Vow,,"nebula, asteroid_field","Vancouver, Moronia, Abin Cresc",20,
A Witchful Intent,,"nebula, asteroid_field","Vancouver, Moronia, Abin Cresc",20,
A Moronic Display,,"nebula, asteroid_field","Vancouver, Moronia, Abin Cresc",20,
A Decrepit Fate,,"nebula, asteroid_field","Vancouver, Moronia, Abin Cresc",20,
A 0 Probable,,"nebula, asteroid_field","Vancouver, Moronia, Abin Cresc",20,
,,,,,
Empty,,"planet, moon, nebula, asteroid_field",No Bono,20,
Dead,,"planet, moon, nebula, asteroid_field",No Bono,20,
Corpse,,"planet, moon, nebula, asteroid_field",No Bono,20,
Body,,"planet, moon, nebula, asteroid_field",No Bono,20,
Chest,,"planet, moon, nebula, asteroid_field",No Bono,20,
Vanished,,"planet, moon, nebula, asteroid_field",No Bono,20,
$parent's Eternity,,"asteroid_belt, ring, magnetic_field",No Bono,20,
$parent's Love,,"asteroid_belt, ring, magnetic_field",No Bono,20,
$parent's Majesty,,"asteroid_belt, ring, magnetic_field",No Bono,20,
$parent's Appeal,,"asteroid_belt, ring, magnetic_field",No Bono,20,
Dance of Romance,,"asteroid_belt, ring, magnetic_field",No Bono,20,