{
	"starSystem":"askonia",
	"markets":[
		{
			"entities":["sindria", "diktat_cnc"],
			"faction":"sindrian_diktat",
			"size":6,
			"startingConditions":[
				"underground_arcology",
				"population_6",
				"rare_ore_moderate",
				"ore_abundant",
				"no_atmosphere",
			],
			"industries":[
				"population",
				"megaport",
				["orbitalworks", "corrupted_nanoforge"],
				["fuelprod", "synchrotron"],
				["commerce", "dealmaker_holosuite"],
				"starfortress",
				"heavybatteries",
				"highcommand",
				"lionsguard",
			],
		},
		{
			"entities":["volturn"],
			"faction":"sindrian_diktat",
			"size":8,
			"startingConditions":[
				"population_8",
				"volturnian_lobster_pens",
				"volatiles_diffuse",
				"organics_common",
				"water_surface",
				"mild_climate",
				"hot",
				"habitable",
			],
			"industries":[
				"population",
				"megaport",
				"aquaculture",
				"mining",
				"lightindustry",
				["commerce"],
				"battlestation_mid",
				"heavybatteries",
				"patrolhq",
			],
		},
		{
			"entities":["cruor"],
			"faction":"sindrian_diktat",
			"size":4,
			"parent":"sindria",
			"startingConditions":[
				"population_4",
				"rare_ore_moderate",
				"ore_rich",
				"organics_common",
				"thin_atmosphere",
				"extreme_tectonic_activity",
			],
			"industries":[
				"population",
				"spaceport",
				"mining",
				"refining",
				"grounddefenses",
			],
		},
		{
			"entities":["nortia"],
			"faction":"independent",
			"size":4,
			"freePort":true, #Why?
			"startingConditions":[
				"population_4",
				"ore_sparse",
				"rare_ore_moderate",
				"no_atmosphere",
				"low_gravity",
				"revenge",
			],
			"industries":[
				"population",
				"megaport",
				"mining",
				"refining",
				#"commerce",
				#"battlestation_mid",
				"heavybatteries",
				"patrolhq",
			],
		},
		{
			"entities":["umbra"],
			"faction":"pirates",
			"size":6,
			"freePort":true,
			"startingConditions":[
				"population_6",
				"rare_ore_abundant",
				"ore_abundant",
				"volatiles_trace",
				"thin_atmosphere",
				"revenge",
			],
			"industries":[
				"population",
				"megaport",
				"mining",
				"refining",
				["heavyindustry", "corrupted_nanoforge"],
				"battlestation_high",
				"heavybatteries",
				["highcommand", "beta_core"],
			],
		},		
	],


}