name,id,flux/second,f/s (base rate),f/s (base cap),flux/use,f/u (base rate),f/u (base cap),cr/u,max uses,regen,charge up,active,down,cooldown,toggle,noDissipation,noHardDissipation,hardFlux,noFiring,noTurning,noStrafing,noAccel,noShield,noVent,isPhaseCloak,tags,icon
Fortress Shield,fortressshield,,,0.05,,,,,,,0.5,10,0.5,3,TRUE,,,TRUE,TRUE,,,,,,,,graphics/icons/hullsys/fortress_shield.png
Recall Device,recalldevice,,,,,,0.25,,,,0.5,,0.5,1,,,,,,,,,,,,,graphics/icons/hullsys/recall_device.png
Reserve Deployment,reservewing,,,,,,0.25,,,,0.1,,3,60,,,,,,,,,,,,,graphics/icons/hullsys/reserve_deployment.png
,,,,,,,,,,,,,,,,,,,,,,,,,,,
Fast Missile Racks,fastmissileracks,,,,,,0.1,,3,0.1,1,0,0,0,,,,,,,,,,,,,graphics/icons/hullsys/missile_racks.png
,,,,,,,,,,,,,,,,,,,,,,,,,,,
Flare Launcher,flarelauncher,,,,,,,,3,0.05,,,,10,,,,,,,,,,,,,graphics/icons/hullsys/flare_launcher.png
Active Flare Launcher,flarelauncher_active,,,,,,0.1,,,,,,,10,,,,,,,,,,,,,graphics/icons/hullsys/active_flare_launcher.png
Canister Flak,canister_flak,,,,,,,,2,0.025,,,,10,,,,,,,,,,,,,
,,,,,,,,,,,,,,,,,,,,,,,,,,,
Lidar Array,lidararray,1,,,,,,,,,3.25,10,1,10,,,,,,,,,,,,,graphics/icons/hullsys/lidar_barrage.png
,,,,,,,,,,,,,,,,,,,,,,,,,,,
EMP Emitter,emp,1,,,,,0.2,,,,0.5,4,0.5,3,,,,,TRUE,,,,,,,,graphics/icons/hullsys/emp_emitter.png
High Energy Focus,highenergyfocus,1,,,,,,,3,0.05,0.5,6,0.5,,,,,,,,,,,,,,graphics/icons/hullsys/high_energy_focus.png
Accelerated Ammo Feeder,ammofeed,,,,,,,,,,1,5,1,10,,,,,,,,,,,,,graphics/icons/hullsys/ammo_feeder.png
,,,,,,,,,,,,,,,,,,,,,,,,,,,
Termination Sequence,drone_strike,,,,1200,,,,,,0,0.05,0.2,10,,,,,,,,,,,,,graphics/icons/hullsys/drone_pd_high.png
,,,,,,,,,,,,,,,,,,,,,,,,,,,
Phase Skimmer,displacer,,,,,,,,3,0.05,0.25,,0.25,0,,TRUE,,,,,,,,,,,graphics/icons/hullsys/displacer.png
Degraded Skimmer,displacer_degraded,,,,,,,,2,0.033,0.25,,0.25,0,,TRUE,,,,,,,,,,,graphics/icons/hullsys/displacer.png
Phase Teleporter,phaseteleporter,,,,,,,,2,0.01,0.5,0,0.5,10,,,,,,,,,,,,,graphics/icons/hullsys/displacer.png
,,,,,,,,,,,,,,,,,,,,,,,,,,,
Temporal Shell,temporalshell,,,,,,,,,,20,5,10,15,,,,,,,,,,,,,graphics/icons/hullsys/temporal_shell.png
,,,,,,,,,,,,,,,,,,,,,,,,,,,
Entropy Damper,damper_omega,1,,,,,,,2,0.05,0.25,3,0.25,0,,,,,,,,,,TRUE,,uses_damper_ai,graphics/icons/hullsys/damper_field.png
Plasma Jets,plasmajets,,,,,,,,,,2,6,4,10,,,,,,,,,,,,,graphics/icons/hullsys/infernium_injector.png
Maneuvering Jets,maneuveringjets,,,,,,,,,,2,8,2,8,,,,,,,,,,,,,graphics/icons/hullsys/maneuvering_jets.png
,,,,,,,,,,,,,,,,,,,,,,,,,,,
Acausal Disruptor,acausaldisruptor,,,,,,0.25,,,,0.5,,1,20,,,,,,,,,,,,,graphics/icons/hullsys/quantum_disruptor.png
,,,,,,,,,,,,,,,,,,,,,,,,,,,
Merlon Drones,drone_station_lt,,,,,,,,5,0.05,0,,0,0,,,,,,,,,,,,,graphics/icons/hullsys/drone_pd_high.png
Ravelin Drones,drone_station_mid,,,,,,,,3,0.03,0,,0,0,,,,,,,,,,,,,graphics/icons/hullsys/drone_pd_high.png
Gargoyle Drones,drone_station_high,,,,,,,,4,0.04,0,,0,0,,,,,,,,,,,,,graphics/icons/hullsys/drone_pd_high.png