{
	"starSystem":"obediah",
	"markets":[
		{
			"entities":["orbinoptic"],
			"faction":"luddic_church",
			"freePort":false,
			"size":6,
			"startingConditions":[
				"population_6",
				"luddic_majority",
				"rare_ore_abundant",
				"ore_abundant",
				"volatiles_trace",
				"organics_common",
				"dense_atmosphere",
				"habitable",
			],
			"industries":[
				"population",
				"megaport",
				"mining",
				"refining",
				"lightindustry",
				"commerce",
				"battlestation",
				"heavybatteries",
				"patrolhq",
			],
		},
		{
			"entities":["death_lord"],
			"faction":"independent",
			"freePort":true,
			"size":6,
			"startingConditions":[
				"population_6",
				"volatiles_diffuse",
				"organics_abundant",
				"dense_atmosphere",
				"cold",
				"non_dense_giant",
			],
			"industries":[
				"population",
				"megaport",
				"mining",
				"lightindustry",
				"commerce",
				"battlestation_high",
				"heavybatteries",
				"militarybase",
			],
		},
	],
}



