{
	"starSystem":"oppenheimer",
	"markets":[
		{
			"entities":["jerma", "star_station"],
			"faction":"independent",
			"size":6,
			"startingConditions":[
				"population_6",
				"dense_atmosphere",
				"non_dense_giant",
				"volatiles_diffuse",
				"organics_common",
			],
			"industries":[
				"population",
				"megaport",
				"mining",
				"lightindustry",
				"fuelprod",
				"commerce",
				"orbitalstation_high",
				"heavybatteries",
				"patrolhq",
			],
		},
		{
			"entities":["false_prophet"],
			"faction":"hegemony",
			"size":5,
			"startingConditions":[
				"population_5",
				"farmland_poor",
				"rare_ore_abundant",
				"ore_moderate",
				"extreme_weather",
				"tectonic_activity",
				"low_gravity",
			],
			"industries":[
				"population",
				"megaport",
				"farming",
				"commerce",
				"battlestation_mid",
				"heavybatteries",
				"militarybase",
			],
		}
	],
}